timestamp,url,status,request_time,upstream_response_time
2026-04-12T12:07:05.824131,/api/payment/item,404,1.2,0.18
2026-04-12T12:08:43.824131,/api/catalogue/item,200,0.385,0.428
2026-04-12T12:14:12.824131,/api/shipping/item,200,1.167,0.553
2026-04-12T12:11:05.824131,/api/catalogue/item,400,1.002,0.364
2026-04-12T12:05:18.824131,/api/catalogue/item,200,0.193,0.162
2026-04-12T12:07:12.824131,/api/payment/item,201,0.073,1.023
2026-04-12T12:08:27.824131,/api/payment/item,500,0.891,0.732
2026-04-12T12:07:21.824131,/api/user/item,200,0.17,0.261
2026-04-12T12:12:20.824131,/api/shipping/item,200,0.353,1.167
2026-04-12T12:07:23.824131,/api/user/item,400,0.155,1.006
2026-04-12T12:08:38.824131,/api/shipping/item,500,0.928,0.767
2026-04-12T12:05:26.824131,/api/user/item,200,0.524,0.77
2026-04-12T12:13:59.824131,/api/payment/item,200,0.639,0.834
2026-04-12T12:14:11.824131,/api/catalogue/item,200,1.151,0.514
2026-04-12T12:12:56.824131,/api/shipping/item,201,0.816,0.564
2026-04-12T12:09:09.824131,/api/payment/item,404,0.093,0.539
2026-04-12T12:12:37.824131,/api/shipping/item,404,1.21,1.196
2026-04-12T12:07:02.824131,/api/payment/item,200,0.555,1.081
2026-04-12T12:11:52.824131,/api/payment/item,502,1.454,0.688
2026-04-12T12:14:08.824131,/api/payment/item,200,0.197,1.072
2026-04-12T12:14:20.824131,/api/user/item,200,0.157,0.649
2026-04-12T12:10:30.824131,/api/catalogue/item,502,1.299,0.392
2026-04-12T12:09:04.824131,/api/cart/item,200,0.677,0.792
2026-04-12T12:05:23.824131,/api/catalogue/item,404,0.916,0.212
2026-04-12T12:09:29.824131,/api/user/item,500,1.488,0.997
2026-04-12T12:11:40.824131,/api/shipping/item,200,0.46,0.24
2026-04-12T12:11:47.824131,/api/cart/item,200,0.303,0.439
2026-04-12T12:07:37.824131,/api/cart/item,200,0.274,0.798
2026-04-12T12:08:06.824131,/api/shipping/item,400,0.835,0.751
2026-04-12T12:05:55.824131,/api/shipping/item,400,0.645,0.061
2026-04-12T12:10:05.824131,/api/catalogue/item,200,0.12,0.754
2026-04-12T12:06:53.824131,/api/user/item,200,1.359,1.015
2026-04-12T12:13:09.824131,/api/user/item,500,0.422,0.869
2026-04-12T12:06:25.824131,/api/shipping/item,500,0.162,0.112
2026-04-12T12:15:04.824131,/api/payment/item,201,1.202,0.741
2026-04-12T12:14:46.824131,/api/cart/item,200,0.328,1.077
2026-04-12T12:05:34.824131,/api/shipping/item,201,0.46,0.172
2026-04-12T12:11:47.824131,/api/payment/item,404,0.517,0.412
2026-04-12T12:09:18.824131,/api/cart/item,201,0.114,1.162
2026-04-12T12:05:34.824131,/api/payment/item,200,0.527,0.809
2026-04-12T12:11:49.824131,/api/user/item,404,0.278,0.582
2026-04-12T12:14:25.824131,/api/cart/item,200,1.027,1.098
2026-04-12T12:07:01.824131,/api/catalogue/item,200,0.149,1.111
2026-04-12T12:12:07.824131,/api/user/item,200,1.11,0.349
2026-04-12T12:12:01.824131,/api/user/item,200,1.13,1.131
2026-04-12T12:08:44.824131,/api/cart/item,200,1.157,0.103
2026-04-12T12:12:09.824131,/api/cart/item,404,1.346,0.61
2026-04-12T12:07:30.824131,/api/cart/item,500,0.406,0.858
2026-04-12T12:10:20.824131,/api/catalogue/item,200,0.208,0.89
2026-04-12T12:08:20.824131,/api/user/item,201,0.546,0.555
2026-04-12T12:12:33.824131,/api/shipping/item,200,0.561,0.06
2026-04-12T12:13:53.824131,/api/cart/item,500,0.783,0.837
2026-04-12T12:06:22.824131,/api/catalogue/item,500,1.274,0.505
2026-04-12T12:08:33.824131,/api/cart/item,200,0.135,0.384
2026-04-12T12:05:08.824131,/api/catalogue/item,200,0.459,0.927
2026-04-12T12:13:31.824131,/api/cart/item,500,0.692,0.361
2026-04-12T12:06:07.824131,/api/user/item,200,0.539,0.916
2026-04-12T12:07:43.824131,/api/catalogue/item,200,1.03,0.057
2026-04-12T12:05:07.824131,/api/payment/item,200,1.265,1.167
2026-04-12T12:09:59.824131,/api/catalogue/item,200,0.49,0.053
2026-04-12T12:14:39.824131,/api/cart/item,400,0.49,0.468
2026-04-12T12:07:46.824131,/api/user/item,400,1.316,0.99
2026-04-12T12:09:40.824131,/api/catalogue/item,200,0.585,0.355
2026-04-12T12:09:44.824131,/api/payment/item,500,0.229,1.135
2026-04-12T12:13:50.824131,/api/user/item,200,0.384,0.867
2026-04-12T12:10:23.824131,/api/payment/item,200,0.506,0.617
2026-04-12T12:07:02.824131,/api/catalogue/item,500,0.856,0.201
2026-04-12T12:07:14.824131,/api/shipping/item,400,0.676,0.514
2026-04-12T12:06:18.824131,/api/user/item,404,1.354,0.768
2026-04-12T12:12:50.824131,/api/cart/item,404,1.394,1.058
2026-04-12T12:14:47.824131,/api/payment/item,200,1.027,0.718
2026-04-12T12:14:11.824131,/api/cart/item,200,1.279,0.631
2026-04-12T12:05:59.824131,/api/shipping/item,404,0.417,0.753
2026-04-12T12:13:52.824131,/api/user/item,200,0.734,0.795
2026-04-12T12:12:56.824131,/api/cart/item,200,0.571,0.203
2026-04-12T12:07:18.824131,/api/shipping/item,200,1.208,0.995
2026-04-12T12:05:33.824131,/api/cart/item,400,0.178,1.096
2026-04-12T12:09:21.824131,/api/user/item,200,0.964,0.458
2026-04-12T12:05:28.824131,/api/payment/item,502,1.395,0.756
2026-04-12T12:14:55.824131,/api/payment/item,200,0.351,0.234
2026-04-12T12:08:40.824131,/api/payment/item,200,0.602,0.73
2026-04-12T12:06:01.824131,/api/catalogue/item,200,0.265,0.744
2026-04-12T12:12:45.824131,/api/catalogue/item,201,0.173,0.231
2026-04-12T12:10:36.824131,/api/payment/item,500,0.342,0.155
2026-04-12T12:08:33.824131,/api/cart/item,200,0.81,0.756
2026-04-12T12:09:12.824131,/api/payment/item,200,0.15,0.494
2026-04-12T12:06:04.824131,/api/user/item,201,0.708,0.616
2026-04-12T12:09:42.824131,/api/payment/item,200,0.224,0.882
2026-04-12T12:08:04.824131,/api/shipping/item,500,1.336,0.547
2026-04-12T12:11:08.824131,/api/user/item,404,0.253,0.663
2026-04-12T12:06:19.824131,/api/cart/item,200,0.577,1.077
2026-04-12T12:06:12.824131,/api/catalogue/item,400,0.881,0.077
2026-04-12T12:12:06.824131,/api/cart/item,200,1.384,0.706
2026-04-12T12:09:03.824131,/api/catalogue/item,400,1.455,1.12
2026-04-12T12:09:13.824131,/api/cart/item,200,0.968,0.994
2026-04-12T12:07:27.824131,/api/catalogue/item,200,1.111,0.52
2026-04-12T12:05:25.824131,/api/cart/item,404,0.726,0.998
2026-04-12T12:14:12.824131,/api/cart/item,200,0.806,0.08
2026-04-12T12:09:27.824131,/api/shipping/item,400,1.029,0.785
2026-04-12T12:06:38.824131,/api/payment/item,200,0.285,0.877
2026-04-12T12:10:13.824131,/api/user/item,200,0.672,0.597
2026-04-12T12:10:55.824131,/api/shipping/item,500,1.282,1.181
2026-04-12T12:09:56.824131,/api/user/item,500,1.155,0.536
2026-04-12T12:10:28.824131,/api/payment/item,200,1.37,0.761
2026-04-12T12:06:38.824131,/api/catalogue/item,200,0.601,1.022
2026-04-12T12:13:03.824131,/api/cart/item,200,1.146,0.917
2026-04-12T12:08:19.824131,/api/user/item,200,0.17,0.961
2026-04-12T12:05:45.824131,/api/shipping/item,502,0.703,0.217
2026-04-12T12:08:42.824131,/api/shipping/item,200,0.077,0.503
2026-04-12T12:10:35.824131,/api/user/item,400,0.662,1.145
2026-04-12T12:13:16.824131,/api/shipping/item,200,0.358,0.375
2026-04-12T12:07:22.824131,/api/shipping/item,500,1.147,0.374
2026-04-12T12:05:38.824131,/api/catalogue/item,404,1.159,0.754
2026-04-12T12:11:34.824131,/api/payment/item,200,1.383,0.272
2026-04-12T12:09:43.824131,/api/shipping/item,200,0.884,1.138
2026-04-12T12:06:33.824131,/api/catalogue/item,404,1.024,0.987
2026-04-12T12:14:14.824131,/api/cart/item,500,0.188,0.656
2026-04-12T12:13:29.824131,/api/catalogue/item,200,1.367,0.866
2026-04-12T12:06:52.824131,/api/user/item,404,0.355,0.082
2026-04-12T12:11:48.824131,/api/payment/item,200,0.765,0.669
2026-04-12T12:09:14.824131,/api/payment/item,200,1.082,0.099
2026-04-12T12:14:08.824131,/api/user/item,500,0.822,0.943
2026-04-12T12:14:17.824131,/api/user/item,200,1.463,0.205
2026-04-12T12:14:54.824131,/api/payment/item,200,0.886,0.813
2026-04-12T12:09:29.824131,/api/shipping/item,500,0.808,0.883
2026-04-12T12:12:04.824131,/api/shipping/item,200,0.548,0.284
2026-04-12T12:09:23.824131,/api/user/item,200,0.875,0.888
2026-04-12T12:11:08.824131,/api/payment/item,404,0.459,0.912
2026-04-12T12:08:01.824131,/api/catalogue/item,400,0.742,0.067
2026-04-12T12:12:24.824131,/api/catalogue/item,400,1.03,0.779
2026-04-12T12:08:17.824131,/api/user/item,200,1.47,0.822
2026-04-12T12:13:25.824131,/api/catalogue/item,500,0.37,0.396
2026-04-12T12:10:08.824131,/api/shipping/item,200,0.325,0.754
2026-04-12T12:08:39.824131,/api/cart/item,200,0.784,0.627
2026-04-12T12:06:53.824131,/api/shipping/item,500,0.489,1.075
2026-04-12T12:09:16.824131,/api/shipping/item,404,0.989,0.719
2026-04-12T12:12:50.824131,/api/payment/item,404,1.307,0.306
2026-04-12T12:11:15.824131,/api/catalogue/item,201,1.246,0.72
2026-04-12T12:13:44.824131,/api/user/item,200,0.2,0.097
2026-04-12T12:07:19.824131,/api/user/item,200,1.422,1.124
2026-04-12T12:08:49.824131,/api/payment/item,404,0.824,0.166
2026-04-12T12:14:53.824131,/api/cart/item,404,1.134,0.436
2026-04-12T12:07:20.824131,/api/cart/item,502,0.932,0.948
2026-04-12T12:14:38.824131,/api/catalogue/item,404,1.239,0.746
2026-04-12T12:15:03.824131,/api/cart/item,500,0.063,0.722
2026-04-12T12:10:14.824131,/api/user/item,200,0.874,0.355
2026-04-12T12:05:49.824131,/api/catalogue/item,400,0.472,0.803
2026-04-12T12:06:42.824131,/api/catalogue/item,200,0.659,0.483
2026-04-12T12:09:39.824131,/api/cart/item,200,0.917,0.646
2026-04-12T12:12:10.824131,/api/catalogue/item,201,0.597,0.13
2026-04-12T12:05:57.824131,/api/catalogue/item,500,1.404,0.62
2026-04-12T12:07:52.824131,/api/user/item,200,1.121,0.863
2026-04-12T12:09:58.824131,/api/payment/item,200,0.995,0.885
2026-04-12T12:09:16.824131,/api/payment/item,500,1.181,0.503
2026-04-12T12:09:34.824131,/api/payment/item,404,0.211,0.174
2026-04-12T12:11:04.824131,/api/catalogue/item,200,0.217,0.694
2026-04-12T12:14:36.824131,/api/user/item,200,0.92,0.965
2026-04-12T12:05:11.824131,/api/catalogue/item,200,1.158,0.873
2026-04-12T12:14:39.824131,/api/shipping/item,200,0.116,0.174
2026-04-12T12:13:41.824131,/api/shipping/item,200,1.324,0.606
2026-04-12T12:14:58.824131,/api/payment/item,200,1.366,0.511
2026-04-12T12:07:56.824131,/api/cart/item,201,0.694,0.869
2026-04-12T12:05:16.824131,/api/payment/item,201,1.496,0.571
2026-04-12T12:09:25.824131,/api/shipping/item,400,0.099,0.51
2026-04-12T12:14:21.824131,/api/cart/item,500,1.432,0.918
2026-04-12T12:11:09.824131,/api/payment/item,404,1.29,0.109
2026-04-12T12:13:54.824131,/api/user/item,200,0.483,0.392
2026-04-12T12:14:25.824131,/api/shipping/item,404,0.756,0.526
2026-04-12T12:09:41.824131,/api/cart/item,200,1.219,0.718
2026-04-12T12:12:01.824131,/api/payment/item,200,1.261,0.855
2026-04-12T12:13:58.824131,/api/catalogue/item,500,1.021,1.169
2026-04-12T12:09:25.824131,/api/user/item,200,0.083,0.482
2026-04-12T12:14:28.824131,/api/cart/item,200,1.028,1.15
2026-04-12T12:11:21.824131,/api/user/item,200,0.197,0.676
2026-04-12T12:05:27.824131,/api/user/item,404,1.002,0.988
2026-04-12T12:12:43.824131,/api/catalogue/item,200,0.504,0.62
2026-04-12T12:07:18.824131,/api/user/item,502,0.874,0.805
2026-04-12T12:10:22.824131,/api/user/item,201,0.952,0.808
2026-04-12T12:06:19.824131,/api/user/item,200,0.327,0.443
2026-04-12T12:09:30.824131,/api/cart/item,200,0.464,0.834
2026-04-12T12:14:32.824131,/api/shipping/item,500,1.011,0.701
2026-04-12T12:05:06.824131,/api/payment/item,404,1.355,0.146
2026-04-12T12:06:05.824131,/api/user/item,200,1.31,0.281
2026-04-12T12:09:28.824131,/api/shipping/item,500,1.034,0.141
2026-04-12T12:07:11.824131,/api/catalogue/item,200,0.938,0.708
2026-04-12T12:06:53.824131,/api/shipping/item,200,0.99,0.994
2026-04-12T12:11:21.824131,/api/shipping/item,500,0.779,0.931
2026-04-12T12:11:47.824131,/api/cart/item,200,0.411,0.227
2026-04-12T12:08:56.824131,/api/user/item,500,0.437,0.61
2026-04-12T12:13:39.824131,/api/user/item,502,0.273,0.442
2026-04-12T12:07:01.824131,/api/payment/item,500,1.14,0.787
2026-04-12T12:15:01.824131,/api/catalogue/item,200,0.931,0.804
2026-04-12T12:05:42.824131,/api/cart/item,502,0.899,0.419
2026-04-12T12:12:38.824131,/api/catalogue/item,200,0.955,0.295
2026-04-12T12:09:27.824131,/api/catalogue/item,400,0.193,0.53
2026-04-12T12:07:07.824131,/api/catalogue/item,500,0.236,0.373
2026-04-12T12:08:30.824131,/api/payment/item,404,0.196,0.143
2026-04-12T12:10:19.824131,/api/catalogue/item,200,0.704,0.537
2026-04-12T12:10:59.824131,/api/catalogue/item,200,1.083,0.468
2026-04-12T12:05:29.824131,/api/cart/item,200,0.245,0.89
2026-04-12T12:06:48.824131,/api/user/item,502,1.223,0.928
2026-04-12T12:10:10.824131,/api/cart/item,200,1.432,0.578
2026-04-12T12:08:25.824131,/api/payment/item,200,0.838,0.825
2026-04-12T12:08:36.824131,/api/catalogue/item,500,0.333,0.192
2026-04-12T12:08:34.824131,/api/shipping/item,404,0.311,0.154
2026-04-12T12:09:42.824131,/api/payment/item,200,0.958,0.693
2026-04-12T12:11:28.824131,/api/shipping/item,200,0.557,1.144
2026-04-12T12:06:08.824131,/api/payment/item,200,0.327,0.527
2026-04-12T12:08:25.824131,/api/user/item,200,0.254,0.274
2026-04-12T12:15:00.824131,/api/user/item,201,1.16,0.596
2026-04-12T12:09:02.824131,/api/shipping/item,200,1.087,0.293
2026-04-12T12:06:26.824131,/api/cart/item,400,1.227,0.926
2026-04-12T12:14:06.824131,/api/catalogue/item,200,1.461,0.255
2026-04-12T12:09:29.824131,/api/payment/item,500,1.406,0.429
2026-04-12T12:10:24.824131,/api/shipping/item,400,1.098,1.001
2026-04-12T12:08:37.824131,/api/shipping/item,201,0.169,0.634
2026-04-12T12:12:33.824131,/api/catalogue/item,200,0.746,0.319
2026-04-12T12:14:44.824131,/api/cart/item,201,0.622,0.212
2026-04-12T12:06:38.824131,/api/payment/item,201,1.063,1.19
2026-04-12T12:11:31.824131,/api/user/item,200,1.078,0.248
2026-04-12T12:08:41.824131,/api/cart/item,201,0.523,0.947
2026-04-12T12:06:33.824131,/api/catalogue/item,500,0.822,0.775
2026-04-12T12:08:07.824131,/api/catalogue/item,201,0.198,0.755
2026-04-12T12:10:41.824131,/api/user/item,502,0.266,0.389
2026-04-12T12:08:03.824131,/api/cart/item,200,0.29,0.833
2026-04-12T12:10:43.824131,/api/payment/item,400,0.37,0.39
2026-04-12T12:11:03.824131,/api/catalogue/item,400,0.46,0.486
2026-04-12T12:06:03.824131,/api/cart/item,500,0.078,1.087
2026-04-12T12:08:54.824131,/api/cart/item,200,1.127,0.218
2026-04-12T12:05:52.824131,/api/shipping/item,200,0.137,0.847
2026-04-12T12:06:50.824131,/api/cart/item,500,0.513,1.093
2026-04-12T12:08:24.824131,/api/shipping/item,200,0.201,0.666
2026-04-12T12:06:00.824131,/api/payment/item,200,0.107,0.763
2026-04-12T12:12:41.824131,/api/user/item,200,0.106,0.41
2026-04-12T12:10:28.824131,/api/shipping/item,200,0.531,0.238
2026-04-12T12:12:05.824131,/api/catalogue/item,200,1.139,0.186
2026-04-12T12:06:56.824131,/api/payment/item,200,1.065,0.227
2026-04-12T12:08:06.824131,/api/user/item,500,0.687,0.707
2026-04-12T12:06:58.824131,/api/cart/item,404,0.099,0.399
2026-04-12T12:10:25.824131,/api/shipping/item,400,0.641,0.265
2026-04-12T12:12:36.824131,/api/shipping/item,200,0.118,0.248
2026-04-12T12:12:52.824131,/api/payment/item,200,0.558,1.039
2026-04-12T12:08:10.824131,/api/payment/item,200,0.393,0.087
2026-04-12T12:09:47.824131,/api/shipping/item,200,0.218,1.088
2026-04-12T12:05:20.824131,/api/shipping/item,400,1.391,0.126
2026-04-12T12:07:03.824131,/api/payment/item,200,1.187,1.12
2026-04-12T12:07:39.824131,/api/cart/item,404,1.281,0.231
2026-04-12T12:05:20.824131,/api/payment/item,201,1.25,0.193
2026-04-12T12:13:13.824131,/api/shipping/item,400,1.22,0.761
2026-04-12T12:12:55.824131,/api/payment/item,400,0.307,0.641
2026-04-12T12:08:50.824131,/api/payment/item,200,0.26,0.212
2026-04-12T12:11:10.824131,/api/payment/item,200,1.226,0.759
2026-04-12T12:08:38.824131,/api/cart/item,500,0.521,0.618
2026-04-12T12:05:32.824131,/api/payment/item,201,0.609,0.251
2026-04-12T12:05:46.824131,/api/user/item,404,0.69,0.168
2026-04-12T12:10:27.824131,/api/user/item,400,0.353,0.361
2026-04-12T12:07:57.824131,/api/user/item,500,1.33,1.177
2026-04-12T12:10:27.824131,/api/user/item,404,0.071,0.605
2026-04-12T12:06:49.824131,/api/shipping/item,500,1.464,0.157
2026-04-12T12:05:55.824131,/api/cart/item,200,0.277,0.697
2026-04-12T12:13:32.824131,/api/cart/item,200,0.838,0.339
2026-04-12T12:10:13.824131,/api/shipping/item,200,0.676,0.85
2026-04-12T12:12:07.824131,/api/catalogue/item,200,0.541,0.19
2026-04-12T12:05:32.824131,/api/shipping/item,200,0.371,0.47
2026-04-12T12:09:53.824131,/api/shipping/item,200,0.658,1.05
2026-04-12T12:09:41.824131,/api/user/item,200,0.768,0.381
2026-04-12T12:13:11.824131,/api/user/item,400,1.036,0.519
2026-04-12T12:08:53.824131,/api/catalogue/item,200,0.99,0.545
2026-04-12T12:10:42.824131,/api/catalogue/item,404,0.831,0.512
2026-04-12T12:13:49.824131,/api/cart/item,404,1.297,0.099
2026-04-12T12:12:17.824131,/api/shipping/item,200,0.318,1.008
2026-04-12T12:08:34.824131,/api/cart/item,502,1.366,1.137
2026-04-12T12:12:05.824131,/api/payment/item,400,0.259,0.438
2026-04-12T12:12:09.824131,/api/cart/item,400,0.712,0.345
2026-04-12T12:11:02.824131,/api/catalogue/item,500,1.357,1.074
2026-04-12T12:05:37.824131,/api/payment/item,201,0.074,0.739
2026-04-12T12:14:53.824131,/api/payment/item,400,0.77,0.699
2026-04-12T12:09:29.824131,/api/cart/item,500,0.331,0.272
2026-04-12T12:12:04.824131,/api/catalogue/item,200,0.406,0.605
2026-04-12T12:11:18.824131,/api/payment/item,200,1.32,0.783
2026-04-12T12:14:19.824131,/api/user/item,404,0.969,0.058
2026-04-12T12:08:39.824131,/api/payment/item,200,1.112,0.214
2026-04-12T12:13:46.824131,/api/catalogue/item,400,0.699,0.787
2026-04-12T12:07:38.824131,/api/user/item,404,0.319,0.743
2026-04-12T12:06:37.824131,/api/cart/item,201,0.679,0.805
2026-04-12T12:09:59.824131,/api/payment/item,400,0.902,0.593
2026-04-12T12:15:04.824131,/api/cart/item,200,0.302,0.788
2026-04-12T12:10:51.824131,/api/cart/item,201,0.756,0.166
2026-04-12T12:07:28.824131,/api/catalogue/item,200,1.428,0.979
2026-04-12T12:07:33.824131,/api/cart/item,200,0.873,0.702
2026-04-12T12:11:40.824131,/api/payment/item,200,0.418,0.843
2026-04-12T12:15:00.824131,/api/user/item,200,0.075,1.116
2026-04-12T12:14:16.824131,/api/payment/item,404,0.186,0.375
2026-04-12T12:11:43.824131,/api/shipping/item,404,0.639,0.632
2026-04-12T12:14:47.824131,/api/user/item,200,0.887,1.097
2026-04-12T12:07:35.824131,/api/user/item,404,1.218,0.257
2026-04-12T12:06:23.824131,/api/cart/item,400,0.57,0.541
2026-04-12T12:07:42.824131,/api/cart/item,201,0.22,0.774
2026-04-12T12:13:46.824131,/api/user/item,500,0.953,0.549
2026-04-12T12:06:02.824131,/api/cart/item,404,0.178,0.317
2026-04-12T12:12:34.824131,/api/cart/item,502,0.193,0.269
2026-04-12T12:12:57.824131,/api/user/item,500,0.667,0.616
2026-04-12T12:06:46.824131,/api/shipping/item,404,0.051,0.25
2026-04-12T12:09:34.824131,/api/shipping/item,400,1.373,0.573
2026-04-12T12:13:15.824131,/api/catalogue/item,404,0.663,0.755
2026-04-12T12:13:20.824131,/api/payment/item,200,1.291,0.582
2026-04-12T12:06:14.824131,/api/shipping/item,200,0.982,0.845
2026-04-12T12:06:49.824131,/api/user/item,200,0.284,0.153
2026-04-12T12:13:01.824131,/api/shipping/item,502,0.489,0.349
2026-04-12T12:06:44.824131,/api/cart/item,500,0.334,0.587
2026-04-12T12:14:11.824131,/api/catalogue/item,200,0.302,0.785
2026-04-12T12:09:53.824131,/api/cart/item,200,0.302,0.655
2026-04-12T12:14:02.824131,/api/user/item,200,0.171,0.457
2026-04-12T12:12:04.824131,/api/user/item,200,1.284,0.924
2026-04-12T12:13:43.824131,/api/user/item,200,1.208,0.369
2026-04-12T12:14:57.824131,/api/user/item,500,1.407,1.041
2026-04-12T12:08:10.824131,/api/cart/item,200,1.041,0.507
2026-04-12T12:13:51.824131,/api/payment/item,200,0.628,0.921
2026-04-12T12:13:03.824131,/api/shipping/item,500,1.421,0.251
2026-04-12T12:11:46.824131,/api/shipping/item,200,0.339,0.293
2026-04-12T12:09:14.824131,/api/shipping/item,500,0.777,0.083
2026-04-12T12:05:47.824131,/api/shipping/item,400,1.497,1.096
2026-04-12T12:13:49.824131,/api/shipping/item,200,0.619,0.697
2026-04-12T12:05:12.824131,/api/shipping/item,200,1.141,0.283
2026-04-12T12:07:37.824131,/api/payment/item,200,0.713,1.089
2026-04-12T12:13:03.824131,/api/cart/item,200,0.434,0.349
2026-04-12T12:05:25.824131,/api/catalogue/item,400,0.121,0.785
2026-04-12T12:12:26.824131,/api/catalogue/item,200,1.327,0.982
2026-04-12T12:08:17.824131,/api/shipping/item,201,1.316,0.286
2026-04-12T12:09:55.824131,/api/shipping/item,404,0.208,0.433
2026-04-12T12:07:13.824131,/api/user/item,200,0.577,0.392
2026-04-12T12:09:58.824131,/api/shipping/item,400,1.2,1.152
2026-04-12T12:08:27.824131,/api/user/item,200,0.748,0.192
2026-04-12T12:05:36.824131,/api/cart/item,400,0.339,0.612
2026-04-12T12:05:47.824131,/api/shipping/item,500,0.192,0.805
2026-04-12T12:06:10.824131,/api/shipping/item,404,1.357,0.177
2026-04-12T12:14:44.824131,/api/cart/item,400,1.349,0.394
2026-04-12T12:10:47.824131,/api/catalogue/item,201,0.392,0.303
2026-04-12T12:14:50.824131,/api/shipping/item,200,0.51,0.558
2026-04-12T12:14:23.824131,/api/payment/item,200,0.237,0.679
2026-04-12T12:05:22.824131,/api/payment/item,500,0.827,0.437
2026-04-12T12:11:22.824131,/api/catalogue/item,201,0.469,0.98
2026-04-12T12:14:58.824131,/api/cart/item,200,0.509,0.755
2026-04-12T12:12:28.824131,/api/cart/item,400,0.064,0.11
2026-04-12T12:05:58.824131,/api/catalogue/item,200,0.395,0.59
2026-04-12T12:15:05.824131,/api/cart/item,200,0.85,0.375
2026-04-12T12:07:45.824131,/api/catalogue/item,502,0.243,0.305
2026-04-12T12:09:05.824131,/api/shipping/item,200,1.105,0.903
2026-04-12T12:06:28.824131,/api/cart/item,200,0.344,0.808
2026-04-12T12:05:06.824131,/api/shipping/item,400,0.293,0.571
2026-04-12T12:05:47.824131,/api/catalogue/item,201,0.984,0.87
2026-04-12T12:09:04.824131,/api/payment/item,200,0.321,1.138
2026-04-12T12:09:56.824131,/api/catalogue/item,201,1.331,1.072
2026-04-12T12:11:53.824131,/api/catalogue/item,200,0.683,0.918
2026-04-12T12:12:32.824131,/api/catalogue/item,502,0.786,0.22
2026-04-12T12:11:01.824131,/api/user/item,200,0.995,0.176
2026-04-12T12:14:05.824131,/api/payment/item,400,0.664,0.595
2026-04-12T12:12:32.824131,/api/shipping/item,200,0.877,0.876
2026-04-12T12:08:42.824131,/api/shipping/item,201,0.291,0.381
2026-04-12T12:09:46.824131,/api/shipping/item,400,0.732,0.638
2026-04-12T12:13:11.824131,/api/catalogue/item,201,0.534,1.008
2026-04-12T12:06:12.824131,/api/shipping/item,200,0.08,0.526
2026-04-12T12:13:52.824131,/api/shipping/item,200,0.831,0.288
2026-04-12T12:11:36.824131,/api/shipping/item,500,1.013,0.92
2026-04-12T12:05:59.824131,/api/cart/item,502,0.891,0.684
2026-04-12T12:06:01.824131,/api/shipping/item,404,0.725,1.075
2026-04-12T12:14:48.824131,/api/payment/item,201,0.922,0.619
2026-04-12T12:11:36.824131,/api/user/item,200,0.094,0.61
2026-04-12T12:10:57.824131,/api/user/item,200,0.543,0.595
2026-04-12T12:13:42.824131,/api/catalogue/item,200,0.186,0.349
2026-04-12T12:12:39.824131,/api/cart/item,201,1.085,0.245
2026-04-12T12:08:23.824131,/api/catalogue/item,404,0.867,0.231
2026-04-12T12:07:55.824131,/api/user/item,500,0.569,0.556
2026-04-12T12:12:12.824131,/api/user/item,404,0.57,0.456
2026-04-12T12:12:22.824131,/api/payment/item,502,0.771,0.267
2026-04-12T12:10:16.824131,/api/payment/item,404,1.041,0.941
2026-04-12T12:06:32.824131,/api/payment/item,500,0.947,0.72
2026-04-12T12:08:16.824131,/api/payment/item,200,1.172,0.522
2026-04-12T12:10:03.824131,/api/cart/item,200,1.332,0.635
2026-04-12T12:06:38.824131,/api/cart/item,200,1.025,0.652
2026-04-12T12:12:22.824131,/api/payment/item,200,0.913,0.624
2026-04-12T12:09:08.824131,/api/payment/item,404,0.652,0.71
2026-04-12T12:09:51.824131,/api/catalogue/item,201,1.134,0.219
2026-04-12T12:06:41.824131,/api/catalogue/item,200,1.113,0.454
2026-04-12T12:13:02.824131,/api/catalogue/item,400,1.464,0.292
2026-04-12T12:08:39.824131,/api/shipping/item,200,0.115,0.472
2026-04-12T12:09:58.824131,/api/catalogue/item,201,0.948,0.329
2026-04-12T12:14:33.824131,/api/user/item,200,0.952,0.69
2026-04-12T12:10:40.824131,/api/shipping/item,200,0.206,0.407
2026-04-12T12:07:18.824131,/api/payment/item,400,0.259,0.827
2026-04-12T12:14:54.824131,/api/user/item,200,0.648,1.013
2026-04-12T12:08:22.824131,/api/cart/item,200,1.332,0.732
2026-04-12T12:08:17.824131,/api/payment/item,404,1.462,0.862
2026-04-12T12:11:31.824131,/api/user/item,502,0.138,1.157
2026-04-12T12:07:18.824131,/api/payment/item,200,0.85,0.394
2026-04-12T12:11:32.824131,/api/payment/item,404,0.387,0.585
2026-04-12T12:13:35.824131,/api/catalogue/item,201,1.337,1.133
2026-04-12T12:05:06.824131,/api/shipping/item,400,1.079,0.56
2026-04-12T12:06:51.824131,/api/user/item,201,0.648,0.783
2026-04-12T12:05:23.824131,/api/shipping/item,200,0.701,0.882
2026-04-12T12:13:53.824131,/api/catalogue/item,201,1.463,1.176
2026-04-12T12:05:30.824131,/api/user/item,400,1.444,0.577
2026-04-12T12:07:50.824131,/api/cart/item,400,1.171,0.793
2026-04-12T12:11:16.824131,/api/payment/item,200,1.398,0.809
2026-04-12T12:08:54.824131,/api/catalogue/item,500,1.117,0.664
2026-04-12T12:11:39.824131,/api/shipping/item,404,0.78,0.774
2026-04-12T12:06:36.824131,/api/user/item,400,1.006,0.696
2026-04-12T12:12:30.824131,/api/user/item,404,0.488,0.392
2026-04-12T12:13:06.824131,/api/shipping/item,201,0.932,0.559
2026-04-12T12:13:22.824131,/api/catalogue/item,200,1.014,0.854
2026-04-12T12:13:08.824131,/api/cart/item,200,0.569,0.398
2026-04-12T12:13:56.824131,/api/cart/item,200,0.138,0.86
2026-04-12T12:12:40.824131,/api/payment/item,200,0.842,1.079
2026-04-12T12:06:56.824131,/api/payment/item,404,0.365,0.697
2026-04-12T12:14:41.824131,/api/cart/item,200,0.522,0.748
2026-04-12T12:05:11.824131,/api/catalogue/item,200,0.276,1.139
2026-04-12T12:06:49.824131,/api/catalogue/item,500,1.43,0.431
2026-04-12T12:14:28.824131,/api/shipping/item,400,0.082,0.682
2026-04-12T12:10:32.824131,/api/user/item,201,0.188,0.62
2026-04-12T12:06:20.824131,/api/catalogue/item,200,1.465,0.497
2026-04-12T12:12:17.824131,/api/catalogue/item,201,1.446,0.312
2026-04-12T12:09:44.824131,/api/payment/item,400,0.595,0.105
2026-04-12T12:07:16.824131,/api/payment/item,200,0.434,0.142
2026-04-12T12:09:23.824131,/api/cart/item,200,1.222,0.128
2026-04-12T12:12:24.824131,/api/cart/item,201,0.271,0.111
2026-04-12T12:07:45.824131,/api/user/item,502,1.324,0.353
2026-04-12T12:05:56.824131,/api/catalogue/item,200,1.474,0.061
2026-04-12T12:09:50.824131,/api/catalogue/item,200,1.264,0.877
2026-04-12T12:07:28.824131,/api/payment/item,200,0.529,0.728
2026-04-12T12:11:54.824131,/api/payment/item,201,0.387,0.865
2026-04-12T12:14:36.824131,/api/catalogue/item,200,0.292,0.23
2026-04-12T12:05:45.824131,/api/catalogue/item,500,0.301,0.754
2026-04-12T12:07:54.824131,/api/catalogue/item,500,0.718,0.688
2026-04-12T12:08:47.824131,/api/catalogue/item,404,0.835,1.064
2026-04-12T12:13:46.824131,/api/payment/item,502,0.448,0.52
2026-04-12T12:09:05.824131,/api/shipping/item,200,0.151,0.854
2026-04-12T12:11:19.824131,/api/user/item,400,1.086,0.925
2026-04-12T12:13:20.824131,/api/catalogue/item,502,0.289,0.253
2026-04-12T12:13:18.824131,/api/catalogue/item,200,0.886,0.571
2026-04-12T12:09:24.824131,/api/cart/item,201,1.03,1.149
2026-04-12T12:09:02.824131,/api/shipping/item,200,0.948,0.304
2026-04-12T12:05:57.824131,/api/user/item,200,0.417,1.022
2026-04-12T12:09:20.824131,/api/cart/item,200,0.723,0.77
2026-04-12T12:07:58.824131,/api/payment/item,201,0.159,0.669
2026-04-12T12:08:32.824131,/api/catalogue/item,200,0.296,0.458
2026-04-12T12:05:25.824131,/api/cart/item,200,1.172,0.283
2026-04-12T12:14:54.824131,/api/cart/item,200,0.812,1.081
2026-04-12T12:10:13.824131,/api/cart/item,500,0.892,0.117
2026-04-12T12:12:54.824131,/api/user/item,201,0.684,0.521
2026-04-12T12:07:12.824131,/api/payment/item,400,0.118,0.855
2026-04-12T12:09:26.824131,/api/user/item,404,0.459,0.856
2026-04-12T12:06:59.824131,/api/catalogue/item,502,1.394,1.178
2026-04-12T12:11:52.824131,/api/user/item,404,0.836,0.871
2026-04-12T12:08:55.824131,/api/user/item,200,0.905,1.065
2026-04-12T12:11:41.824131,/api/cart/item,200,0.383,0.879
2026-04-12T12:11:59.824131,/api/payment/item,404,1.072,0.891
2026-04-12T12:10:55.824131,/api/shipping/item,200,0.366,0.996
2026-04-12T12:10:20.824131,/api/cart/item,200,0.554,0.985
2026-04-12T12:06:38.824131,/api/user/item,500,0.958,0.416
2026-04-12T12:13:42.824131,/api/catalogue/item,502,0.646,0.992
2026-04-12T12:05:21.824131,/api/catalogue/item,404,0.601,0.835
2026-04-12T12:10:16.824131,/api/user/item,200,0.788,0.44
2026-04-12T12:09:12.824131,/api/catalogue/item,400,0.77,0.95
2026-04-12T12:10:44.824131,/api/user/item,500,0.864,0.86
2026-04-12T12:13:43.824131,/api/catalogue/item,500,1.456,1.108
2026-04-12T12:12:53.824131,/api/cart/item,200,0.39,1.1
2026-04-12T12:09:46.824131,/api/payment/item,500,0.13,0.171
2026-04-12T12:05:10.824131,/api/catalogue/item,200,0.369,0.892
2026-04-12T12:10:19.824131,/api/shipping/item,200,1.011,0.134
2026-04-12T12:11:08.824131,/api/cart/item,200,0.326,1.112
2026-04-12T12:15:05.824131,/api/user/item,200,0.876,1.157
2026-04-12T12:08:39.824131,/api/cart/item,200,0.141,0.623
2026-04-12T12:06:52.824131,/api/cart/item,200,1.234,0.76
2026-04-12T12:08:47.824131,/api/cart/item,500,0.34,0.641
2026-04-12T12:06:16.824131,/api/payment/item,200,1.456,0.918
2026-04-12T12:12:21.824131,/api/payment/item,200,1.258,0.638
2026-04-12T12:11:27.824131,/api/catalogue/item,404,0.87,0.099
2026-04-12T12:10:52.824131,/api/payment/item,404,0.787,1.117
2026-04-12T12:08:12.824131,/api/catalogue/item,500,1.038,0.637
2026-04-12T12:05:40.824131,/api/payment/item,500,1.159,0.88
2026-04-12T12:12:24.824131,/api/cart/item,404,0.488,0.183
2026-04-12T12:06:48.824131,/api/user/item,200,0.678,0.86
2026-04-12T12:14:55.824131,/api/user/item,200,0.994,0.77
2026-04-12T12:05:34.824131,/api/cart/item,200,0.964,0.994
2026-04-12T12:05:16.824131,/api/payment/item,500,0.297,1.162
2026-04-12T12:15:03.824131,/api/payment/item,200,0.845,0.145
2026-04-12T12:09:48.824131,/api/shipping/item,200,0.707,1.116
2026-04-12T12:07:57.824131,/api/payment/item,200,0.669,0.783
2026-04-12T12:13:30.824131,/api/catalogue/item,200,1.006,1.013
2026-04-12T12:13:57.824131,/api/catalogue/item,200,0.073,0.756
2026-04-12T12:12:04.824131,/api/catalogue/item,500,1.383,0.305
2026-04-12T12:13:33.824131,/api/catalogue/item,200,1.035,1.158
2026-04-12T12:14:39.824131,/api/catalogue/item,201,0.347,0.37
2026-04-12T12:14:08.824131,/api/shipping/item,200,0.708,1.166
2026-04-12T12:10:49.824131,/api/catalogue/item,201,0.445,0.195
2026-04-12T12:12:21.824131,/api/shipping/item,201,0.142,0.469
2026-04-12T12:09:50.824131,/api/payment/item,200,0.6,1.012
2026-04-12T12:09:10.824131,/api/payment/item,404,0.593,0.152
2026-04-12T12:13:03.824131,/api/cart/item,200,0.688,1.08
2026-04-12T12:12:17.824131,/api/catalogue/item,200,1.097,0.599
2026-04-12T12:07:35.824131,/api/payment/item,502,1.292,0.116
2026-04-12T12:09:33.824131,/api/shipping/item,400,0.539,1.003
2026-04-12T12:07:25.824131,/api/cart/item,404,0.711,0.274
2026-04-12T12:13:33.824131,/api/cart/item,200,1.05,0.606
2026-04-12T12:13:38.824131,/api/shipping/item,200,1.343,0.604
2026-04-12T12:08:41.824131,/api/cart/item,200,1.054,0.223
2026-04-12T12:12:46.824131,/api/payment/item,201,0.828,1.066
2026-04-12T12:07:26.824131,/api/payment/item,200,0.881,0.515
2026-04-12T12:07:21.824131,/api/cart/item,200,0.977,0.95
2026-04-12T12:13:43.824131,/api/payment/item,500,0.064,0.521
2026-04-12T12:07:21.824131,/api/shipping/item,200,1.167,0.097
2026-04-12T12:07:23.824131,/api/cart/item,404,1.284,0.097
2026-04-12T12:09:27.824131,/api/cart/item,500,0.544,0.386
2026-04-12T12:11:21.824131,/api/shipping/item,201,1.371,0.611
2026-04-12T12:08:13.824131,/api/catalogue/item,200,0.591,1.191
2026-04-12T12:08:14.824131,/api/cart/item,200,1.347,0.894
2026-04-12T12:12:03.824131,/api/payment/item,200,0.82,0.822
2026-04-12T12:08:28.824131,/api/user/item,201,0.15,0.683
2026-04-12T12:13:48.824131,/api/cart/item,400,0.073,0.882
2026-04-12T12:09:20.824131,/api/shipping/item,200,0.608,0.099
2026-04-12T12:05:55.824131,/api/catalogue/item,200,0.516,1.19
2026-04-12T12:05:32.824131,/api/cart/item,200,1.439,0.939
2026-04-12T12:12:14.824131,/api/payment/item,201,0.402,0.706
2026-04-12T12:07:26.824131,/api/catalogue/item,200,0.904,0.597
2026-04-12T12:12:46.824131,/api/catalogue/item,200,0.719,0.55
2026-04-12T12:12:33.824131,/api/payment/item,500,0.906,1.163
2026-04-12T12:13:46.824131,/api/shipping/item,201,1.432,1.013
2026-04-12T12:14:57.824131,/api/catalogue/item,200,0.127,0.589
2026-04-12T12:14:11.824131,/api/catalogue/item,500,0.854,0.459
2026-04-12T12:05:40.824131,/api/payment/item,500,0.86,0.371
2026-04-12T12:12:21.824131,/api/payment/item,200,0.222,0.277
2026-04-12T12:14:35.824131,/api/shipping/item,200,0.36,0.867
2026-04-12T12:07:55.824131,/api/user/item,502,0.834,0.921
2026-04-12T12:13:50.824131,/api/user/item,500,0.927,0.089
2026-04-12T12:11:07.824131,/api/shipping/item,200,0.086,0.855
2026-04-12T12:11:47.824131,/api/payment/item,502,0.609,0.924
2026-04-12T12:14:21.824131,/api/shipping/item,200,1.343,0.59
2026-04-12T12:08:27.824131,/api/catalogue/item,200,1.204,0.198
2026-04-12T12:13:19.824131,/api/payment/item,200,0.567,0.985
2026-04-12T12:12:42.824131,/api/payment/item,200,1.117,0.117
2026-04-12T12:12:13.824131,/api/shipping/item,201,1.126,0.659
2026-04-12T12:11:30.824131,/api/catalogue/item,201,0.331,0.763
2026-04-12T12:13:03.824131,/api/payment/item,201,0.619,0.333
2026-04-12T12:07:24.824131,/api/catalogue/item,200,1.406,0.731
2026-04-12T12:12:18.824131,/api/cart/item,404,0.127,0.934
2026-04-12T12:06:03.824131,/api/user/item,201,1.486,1.151
2026-04-12T12:07:34.824131,/api/user/item,400,0.667,0.161
2026-04-12T12:08:03.824131,/api/payment/item,404,0.826,0.195
2026-04-12T12:07:19.824131,/api/payment/item,200,1.052,0.73
2026-04-12T12:05:19.824131,/api/catalogue/item,200,0.338,0.23
2026-04-12T12:12:26.824131,/api/user/item,404,0.158,1.035
2026-04-12T12:08:39.824131,/api/payment/item,200,1.007,0.117
2026-04-12T12:09:25.824131,/api/shipping/item,500,1.345,0.899
2026-04-12T12:06:34.824131,/api/payment/item,200,1.129,0.797
2026-04-12T12:09:24.824131,/api/cart/item,200,1.464,0.666
2026-04-12T12:13:26.824131,/api/payment/item,500,0.594,1.092
2026-04-12T12:08:58.824131,/api/user/item,400,1.13,1.018
2026-04-12T12:11:04.824131,/api/catalogue/item,200,0.505,0.692
2026-04-12T12:12:58.824131,/api/user/item,201,0.66,1.074
2026-04-12T12:13:52.824131,/api/shipping/item,200,1.225,0.42
2026-04-12T12:14:23.824131,/api/catalogue/item,200,1.498,0.285
2026-04-12T12:05:19.824131,/api/catalogue/item,400,0.524,0.496
2026-04-12T12:13:17.824131,/api/payment/item,200,0.264,0.534
2026-04-12T12:12:38.824131,/api/user/item,200,0.842,0.172
2026-04-12T12:10:46.824131,/api/shipping/item,200,0.737,0.198
2026-04-12T12:08:36.824131,/api/payment/item,200,0.749,0.178
2026-04-12T12:13:34.824131,/api/payment/item,200,1.469,0.589
2026-04-12T12:06:57.824131,/api/user/item,400,1.162,1.081
2026-04-12T12:08:10.824131,/api/cart/item,500,0.572,0.824
2026-04-12T12:07:28.824131,/api/shipping/item,500,0.213,0.552
2026-04-12T12:10:37.824131,/api/shipping/item,400,1.31,0.079
2026-04-12T12:05:16.824131,/api/cart/item,200,1.33,0.784
2026-04-12T12:15:04.824131,/api/user/item,200,0.2,0.356
2026-04-12T12:08:23.824131,/api/shipping/item,200,1.184,0.391
2026-04-12T12:07:02.824131,/api/payment/item,200,1.338,0.695
2026-04-12T12:13:39.824131,/api/cart/item,200,0.638,0.397
2026-04-12T12:09:05.824131,/api/catalogue/item,200,1.281,0.241
2026-04-12T12:09:10.824131,/api/catalogue/item,200,0.4,0.255
2026-04-12T12:08:26.824131,/api/shipping/item,500,0.754,0.321
2026-04-12T12:10:00.824131,/api/shipping/item,200,0.767,1.065
2026-04-12T12:12:58.824131,/api/payment/item,200,0.324,0.121
2026-04-12T12:05:36.824131,/api/shipping/item,404,0.867,0.461
2026-04-12T12:07:48.824131,/api/user/item,400,0.599,1.138
2026-04-12T12:12:21.824131,/api/cart/item,200,0.835,0.918
2026-04-12T12:10:00.824131,/api/catalogue/item,200,1.044,0.956
2026-04-12T12:14:41.824131,/api/user/item,200,1.077,0.579
2026-04-12T12:07:19.824131,/api/cart/item,200,0.491,0.535
2026-04-12T12:08:48.824131,/api/user/item,400,1.213,1.068
2026-04-12T12:12:45.824131,/api/user/item,200,0.402,1.112
2026-04-12T12:09:59.824131,/api/shipping/item,404,0.704,1.144
2026-04-12T12:09:28.824131,/api/shipping/item,502,1.002,0.289
2026-04-12T12:14:17.824131,/api/catalogue/item,200,0.614,1.175
2026-04-12T12:08:19.824131,/api/cart/item,201,0.523,0.408
2026-04-12T12:09:18.824131,/api/shipping/item,400,0.602,0.916
2026-04-12T12:13:53.824131,/api/cart/item,200,0.184,0.528
2026-04-12T12:06:48.824131,/api/cart/item,200,0.565,0.212
2026-04-12T12:05:06.824131,/api/cart/item,200,0.113,0.572
2026-04-12T12:06:46.824131,/api/user/item,500,0.787,0.258
2026-04-12T12:13:01.824131,/api/catalogue/item,200,1.338,1.06
2026-04-12T12:14:48.824131,/api/catalogue/item,500,0.066,0.267
2026-04-12T12:11:26.824131,/api/payment/item,500,0.713,0.33
2026-04-12T12:06:39.824131,/api/catalogue/item,400,0.132,0.125
2026-04-12T12:14:16.824131,/api/payment/item,200,1.252,0.86
2026-04-12T12:10:40.824131,/api/catalogue/item,500,1.412,0.707
2026-04-12T12:12:44.824131,/api/catalogue/item,200,0.252,1.099
2026-04-12T12:10:35.824131,/api/payment/item,200,0.259,0.993
2026-04-12T12:08:29.824131,/api/catalogue/item,200,1.019,1.102
2026-04-12T12:14:04.824131,/api/cart/item,200,0.661,0.076
2026-04-12T12:10:52.824131,/api/user/item,200,0.697,0.956
2026-04-12T12:13:02.824131,/api/catalogue/item,200,1.473,0.189
2026-04-12T12:07:43.824131,/api/shipping/item,400,1.079,1.191
2026-04-12T12:10:03.824131,/api/user/item,200,1.033,0.96
2026-04-12T12:05:22.824131,/api/cart/item,500,1.163,0.831
2026-04-12T12:14:42.824131,/api/payment/item,404,0.997,0.118
2026-04-12T12:14:58.824131,/api/catalogue/item,500,0.71,1.08
2026-04-12T12:13:20.824131,/api/payment/item,200,0.846,1.093
2026-04-12T12:12:49.824131,/api/user/item,500,0.741,0.642
2026-04-12T12:11:33.824131,/api/catalogue/item,500,0.431,0.209
2026-04-12T12:12:18.824131,/api/catalogue/item,200,0.563,0.339
2026-04-12T12:11:35.824131,/api/cart/item,200,0.982,0.801
2026-04-12T12:10:17.824131,/api/payment/item,200,1.289,0.537
2026-04-12T12:08:09.824131,/api/catalogue/item,200,0.765,0.932
2026-04-12T12:10:02.824131,/api/user/item,201,0.607,0.349
2026-04-12T12:09:01.824131,/api/cart/item,200,1.055,0.3
2026-04-12T12:11:31.824131,/api/cart/item,200,1.035,0.43
2026-04-12T12:05:28.824131,/api/catalogue/item,404,1.13,0.694
2026-04-12T12:12:58.824131,/api/user/item,201,0.144,0.649
2026-04-12T12:09:02.824131,/api/catalogue/item,502,1.055,0.751
2026-04-12T12:09:00.824131,/api/user/item,500,0.541,1.034
2026-04-12T12:08:56.824131,/api/payment/item,200,1.142,1.032
2026-04-12T12:07:46.824131,/api/user/item,500,1.028,1.066
2026-04-12T12:13:43.824131,/api/cart/item,404,0.845,0.056
2026-04-12T12:14:38.824131,/api/catalogue/item,201,0.128,0.659
2026-04-12T12:09:18.824131,/api/payment/item,201,0.649,0.382
2026-04-12T12:12:08.824131,/api/catalogue/item,400,0.103,0.356
2026-04-12T12:11:46.824131,/api/shipping/item,200,1.297,0.93
2026-04-12T12:07:36.824131,/api/payment/item,200,0.495,0.844
2026-04-12T12:06:43.824131,/api/catalogue/item,500,1.348,0.483
2026-04-12T12:08:36.824131,/api/shipping/item,201,0.589,1.118
2026-04-12T12:14:20.824131,/api/shipping/item,201,0.434,0.408
2026-04-12T12:06:16.824131,/api/payment/item,200,0.16,0.574
2026-04-12T12:09:24.824131,/api/payment/item,200,0.815,0.53
2026-04-12T12:11:28.824131,/api/shipping/item,200,1.325,0.923
2026-04-12T12:13:48.824131,/api/shipping/item,200,0.749,0.849
2026-04-12T12:05:42.824131,/api/shipping/item,502,1.129,0.912
2026-04-12T12:10:32.824131,/api/cart/item,200,0.313,0.38
2026-04-12T12:13:06.824131,/api/user/item,200,0.122,0.797
2026-04-12T12:07:50.824131,/api/shipping/item,404,0.52,0.327
2026-04-12T12:14:15.824131,/api/shipping/item,200,0.533,1.168
2026-04-12T12:11:05.824131,/api/shipping/item,200,0.61,0.898
2026-04-12T12:11:00.824131,/api/cart/item,200,0.767,0.988
2026-04-12T12:11:23.824131,/api/cart/item,404,1.373,1.089
2026-04-12T12:14:30.824131,/api/user/item,200,0.312,0.329
2026-04-12T12:12:05.824131,/api/user/item,400,1.36,1.091
2026-04-12T12:12:02.824131,/api/user/item,201,1.227,0.468
2026-04-12T12:07:02.824131,/api/catalogue/item,500,0.31,0.856
2026-04-12T12:08:29.824131,/api/shipping/item,201,0.929,0.842
2026-04-12T12:07:29.824131,/api/shipping/item,201,1.012,0.424
2026-04-12T12:08:12.824131,/api/shipping/item,500,0.768,0.191
2026-04-12T12:12:16.824131,/api/shipping/item,201,0.434,1.184
2026-04-12T12:12:51.824131,/api/payment/item,200,0.863,0.66
2026-04-12T12:06:37.824131,/api/payment/item,404,1.461,0.296
2026-04-12T12:05:23.824131,/api/user/item,200,1.496,0.914
2026-04-12T12:10:27.824131,/api/payment/item,500,1.372,0.389
2026-04-12T12:08:37.824131,/api/cart/item,404,0.718,0.926
2026-04-12T12:08:02.824131,/api/catalogue/item,200,0.419,0.231
2026-04-12T12:06:10.824131,/api/user/item,200,0.805,0.701
2026-04-12T12:10:48.824131,/api/catalogue/item,201,1.116,0.285
2026-04-12T12:12:52.824131,/api/shipping/item,200,1.344,0.644
2026-04-12T12:12:50.824131,/api/catalogue/item,200,1.404,1.119
2026-04-12T12:05:24.824131,/api/catalogue/item,200,0.175,0.387
2026-04-12T12:13:17.824131,/api/cart/item,201,1.404,0.164
2026-04-12T12:06:34.824131,/api/payment/item,404,0.599,0.97
2026-04-12T12:06:30.824131,/api/user/item,200,1.348,0.415
2026-04-12T12:14:57.824131,/api/user/item,400,1.211,0.468
2026-04-12T12:07:47.824131,/api/cart/item,404,0.871,0.299
2026-04-12T12:10:04.824131,/api/catalogue/item,201,0.619,0.945
2026-04-12T12:06:35.824131,/api/user/item,500,1.205,0.64
2026-04-12T12:14:33.824131,/api/catalogue/item,200,0.908,0.822
2026-04-12T12:13:17.824131,/api/cart/item,201,0.277,0.778
2026-04-12T12:14:08.824131,/api/payment/item,500,0.377,0.302
2026-04-12T12:10:54.824131,/api/payment/item,200,0.304,0.548
2026-04-12T12:08:53.824131,/api/catalogue/item,404,0.135,0.88
2026-04-12T12:07:00.824131,/api/payment/item,200,0.599,0.411
2026-04-12T12:06:24.824131,/api/shipping/item,201,0.548,0.631
2026-04-12T12:06:50.824131,/api/cart/item,201,0.136,0.518
2026-04-12T12:06:54.824131,/api/catalogue/item,502,1.305,0.666
2026-04-12T12:09:42.824131,/api/user/item,404,1.15,0.423
2026-04-12T12:14:35.824131,/api/catalogue/item,502,0.514,0.225
2026-04-12T12:05:25.824131,/api/cart/item,201,0.869,1.077
2026-04-12T12:10:02.824131,/api/shipping/item,200,0.547,1.014
2026-04-12T12:06:19.824131,/api/catalogue/item,400,0.75,0.674
2026-04-12T12:13:53.824131,/api/payment/item,200,0.402,0.992
2026-04-12T12:06:20.824131,/api/cart/item,502,0.348,0.708
2026-04-12T12:10:20.824131,/api/user/item,200,0.863,0.756
2026-04-12T12:11:47.824131,/api/shipping/item,500,0.107,0.686
2026-04-12T12:10:54.824131,/api/cart/item,404,1.026,0.268
2026-04-12T12:06:57.824131,/api/user/item,200,1.379,0.728
2026-04-12T12:12:49.824131,/api/payment/item,200,1.269,0.798
2026-04-12T12:11:08.824131,/api/shipping/item,200,0.664,0.418
2026-04-12T12:09:03.824131,/api/cart/item,200,0.087,0.785
2026-04-12T12:10:04.824131,/api/shipping/item,200,1.158,1.067
2026-04-12T12:09:59.824131,/api/user/item,404,1.022,0.419
2026-04-12T12:13:00.824131,/api/user/item,404,0.535,0.228
2026-04-12T12:11:45.824131,/api/catalogue/item,200,1.3,0.549
2026-04-12T12:12:53.824131,/api/cart/item,200,0.788,0.431
2026-04-12T12:07:19.824131,/api/shipping/item,400,1.483,0.489
2026-04-12T12:09:11.824131,/api/user/item,500,1.026,0.395
2026-04-12T12:10:39.824131,/api/user/item,200,0.568,1.012
2026-04-12T12:08:48.824131,/api/user/item,201,0.987,0.468
2026-04-12T12:11:54.824131,/api/catalogue/item,404,1.25,0.566
2026-04-12T12:11:51.824131,/api/shipping/item,404,1.18,0.61
2026-04-12T12:12:15.824131,/api/payment/item,404,0.602,0.485
2026-04-12T12:13:25.824131,/api/shipping/item,500,0.78,0.633
2026-04-12T12:10:26.824131,/api/cart/item,200,1.23,1.166
2026-04-12T12:13:39.824131,/api/user/item,201,0.83,0.979
2026-04-12T12:05:06.824131,/api/cart/item,500,1.349,0.075
2026-04-12T12:11:05.824131,/api/shipping/item,502,0.848,0.653
2026-04-12T12:06:48.824131,/api/catalogue/item,200,0.16,0.357
2026-04-12T12:09:34.824131,/api/cart/item,200,0.472,0.474
2026-04-12T12:09:21.824131,/api/shipping/item,404,1.273,0.921
2026-04-12T12:05:24.824131,/api/shipping/item,500,1.296,0.124
2026-04-12T12:05:40.824131,/api/cart/item,500,0.994,0.917
2026-04-12T12:14:43.824131,/api/payment/item,201,0.941,0.239
2026-04-12T12:11:25.824131,/api/catalogue/item,200,0.42,0.366
2026-04-12T12:07:54.824131,/api/payment/item,500,0.229,0.763
2026-04-12T12:09:35.824131,/api/payment/item,400,1.159,1.193
2026-04-12T12:14:31.824131,/api/payment/item,500,0.744,0.657
2026-04-12T12:07:07.824131,/api/shipping/item,200,1.421,0.557
2026-04-12T12:06:05.824131,/api/shipping/item,200,1.078,0.49
2026-04-12T12:07:46.824131,/api/catalogue/item,201,0.703,0.293
2026-04-12T12:11:31.824131,/api/catalogue/item,200,0.694,0.868
2026-04-12T12:05:20.824131,/api/payment/item,200,1.236,0.866
2026-04-12T12:07:52.824131,/api/catalogue/item,201,1.048,0.345
2026-04-12T12:14:31.824131,/api/shipping/item,404,1.217,0.757
2026-04-12T12:07:59.824131,/api/catalogue/item,200,0.742,0.179
2026-04-12T12:11:24.824131,/api/shipping/item,200,1.468,0.789
2026-04-12T12:08:44.824131,/api/shipping/item,200,0.91,1.183
2026-04-12T12:14:53.824131,/api/shipping/item,404,0.722,1.174
2026-04-12T12:14:33.824131,/api/payment/item,200,1.367,0.318
2026-04-12T12:12:06.824131,/api/shipping/item,500,0.292,0.567
2026-04-12T12:12:20.824131,/api/user/item,502,1.016,0.867
2026-04-12T12:13:46.824131,/api/shipping/item,200,0.445,0.494
2026-04-12T12:14:53.824131,/api/cart/item,200,0.978,1.065
2026-04-12T12:09:24.824131,/api/payment/item,404,0.155,0.744
2026-04-12T12:07:48.824131,/api/payment/item,400,0.328,0.738
2026-04-12T12:11:19.824131,/api/shipping/item,502,1.472,1.124
2026-04-12T12:13:42.824131,/api/catalogue/item,200,0.351,0.41
2026-04-12T12:14:11.824131,/api/catalogue/item,500,0.772,0.672
2026-04-12T12:14:36.824131,/api/shipping/item,200,0.607,1.159
2026-04-12T12:07:16.824131,/api/cart/item,400,0.879,1.009
2026-04-12T12:13:26.824131,/api/shipping/item,200,0.832,0.725
2026-04-12T12:13:12.824131,/api/user/item,500,0.862,0.281
2026-04-12T12:05:53.824131,/api/user/item,200,0.895,0.943
2026-04-12T12:12:57.824131,/api/payment/item,200,0.151,0.711
2026-04-12T12:12:30.824131,/api/payment/item,200,1.15,0.489
2026-04-12T12:07:39.824131,/api/user/item,400,0.203,0.121
2026-04-12T12:08:34.824131,/api/user/item,200,0.176,0.584
2026-04-12T12:13:58.824131,/api/catalogue/item,200,0.906,0.171
2026-04-12T12:10:29.824131,/api/user/item,404,0.898,0.268
2026-04-12T12:11:13.824131,/api/catalogue/item,404,0.982,0.507
2026-04-12T12:14:13.824131,/api/payment/item,200,1.286,0.949
2026-04-12T12:12:51.824131,/api/cart/item,200,0.212,0.482
2026-04-12T12:07:38.824131,/api/catalogue/item,500,0.803,0.512
2026-04-12T12:05:41.824131,/api/catalogue/item,200,0.671,0.704
2026-04-12T12:11:28.824131,/api/user/item,500,0.148,0.596
2026-04-12T12:12:05.824131,/api/shipping/item,400,0.431,0.416
2026-04-12T12:12:30.824131,/api/payment/item,200,0.629,0.063
2026-04-12T12:08:45.824131,/api/cart/item,502,0.65,1.053
2026-04-12T12:06:12.824131,/api/user/item,200,1.157,0.759
2026-04-12T12:06:57.824131,/api/shipping/item,200,1.071,0.146
2026-04-12T12:15:02.824131,/api/catalogue/item,500,1.024,0.581
2026-04-12T12:09:26.824131,/api/cart/item,201,0.311,0.196
2026-04-12T12:12:04.824131,/api/user/item,404,0.653,1.105
2026-04-12T12:08:08.824131,/api/shipping/item,200,0.871,0.065
2026-04-12T12:14:01.824131,/api/shipping/item,404,0.088,0.132
2026-04-12T12:10:37.824131,/api/cart/item,200,0.474,0.443
2026-04-12T12:13:32.824131,/api/user/item,200,0.216,0.095
2026-04-12T12:11:12.824131,/api/payment/item,201,1.075,0.827
2026-04-12T12:08:52.824131,/api/payment/item,500,0.133,0.556
2026-04-12T12:06:56.824131,/api/catalogue/item,500,0.91,0.843
2026-04-12T12:06:29.824131,/api/user/item,201,1.257,0.157
2026-04-12T12:06:37.824131,/api/user/item,200,1.347,0.731
2026-04-12T12:11:05.824131,/api/shipping/item,200,0.999,0.716
2026-04-12T12:11:40.824131,/api/catalogue/item,201,1.362,0.556
2026-04-12T12:06:16.824131,/api/user/item,200,1.017,0.104
2026-04-12T12:06:33.824131,/api/catalogue/item,404,0.585,1.062
2026-04-12T12:07:57.824131,/api/user/item,201,0.496,1.163
2026-04-12T12:11:47.824131,/api/user/item,200,0.991,0.691
2026-04-12T12:07:56.824131,/api/cart/item,200,0.218,0.894
2026-04-12T12:12:44.824131,/api/cart/item,200,0.379,0.693
2026-04-12T12:06:54.824131,/api/payment/item,404,0.428,0.806
2026-04-12T12:07:55.824131,/api/catalogue/item,200,0.279,0.23
2026-04-12T12:08:11.824131,/api/shipping/item,400,1.109,1.039
2026-04-12T12:05:47.824131,/api/payment/item,201,0.104,0.671
2026-04-12T12:06:45.824131,/api/cart/item,500,0.134,0.328
2026-04-12T12:13:14.824131,/api/catalogue/item,404,1.119,0.099
2026-04-12T12:07:56.824131,/api/user/item,200,0.223,0.121
2026-04-12T12:07:33.824131,/api/user/item,400,1.196,1.096
2026-04-12T12:05:51.824131,/api/shipping/item,500,0.909,1.059
2026-04-12T12:12:08.824131,/api/shipping/item,200,0.624,0.286
2026-04-12T12:09:58.824131,/api/payment/item,500,0.588,1.158
2026-04-12T12:11:05.824131,/api/cart/item,200,0.574,0.176
2026-04-12T12:09:12.824131,/api/user/item,200,0.261,0.068
2026-04-12T12:11:39.824131,/api/shipping/item,200,0.712,0.931
2026-04-12T12:13:29.824131,/api/cart/item,200,0.704,0.782
2026-04-12T12:09:16.824131,/api/shipping/item,200,0.625,0.295
2026-04-12T12:08:05.824131,/api/shipping/item,502,0.479,0.225
2026-04-12T12:14:57.824131,/api/shipping/item,200,0.898,0.797
2026-04-12T12:12:29.824131,/api/cart/item,404,0.502,0.799
2026-04-12T12:12:47.824131,/api/user/item,400,1.222,0.254
2026-04-12T12:09:20.824131,/api/catalogue/item,201,0.144,0.255
2026-04-12T12:10:40.824131,/api/user/item,500,0.062,0.896
2026-04-12T12:13:14.824131,/api/catalogue/item,200,0.229,0.431
2026-04-12T12:14:19.824131,/api/shipping/item,200,0.624,0.753
2026-04-12T12:09:19.824131,/api/shipping/item,200,0.174,0.109
2026-04-12T12:05:24.824131,/api/payment/item,500,1.121,0.835
2026-04-12T12:14:05.824131,/api/user/item,500,0.289,0.808
2026-04-12T12:12:45.824131,/api/catalogue/item,200,1.179,0.624
2026-04-12T12:08:13.824131,/api/cart/item,200,0.874,0.694
2026-04-12T12:14:39.824131,/api/user/item,200,1.456,0.407
2026-04-12T12:13:22.824131,/api/shipping/item,500,0.589,0.498
2026-04-12T12:10:34.824131,/api/user/item,200,0.947,0.664
2026-04-12T12:09:35.824131,/api/catalogue/item,200,0.209,0.953
2026-04-12T12:12:25.824131,/api/cart/item,500,1.2,0.378
2026-04-12T12:13:41.824131,/api/shipping/item,400,0.752,0.472
2026-04-12T12:09:40.824131,/api/catalogue/item,502,1.205,0.159
2026-04-12T12:05:43.824131,/api/shipping/item,500,1.395,0.228
2026-04-12T12:12:07.824131,/api/catalogue/item,200,1.264,0.649
2026-04-12T12:12:51.824131,/api/shipping/item,500,1.417,0.7
2026-04-12T12:14:49.824131,/api/shipping/item,404,1.247,0.79
2026-04-12T12:11:36.824131,/api/user/item,200,0.735,0.615
2026-04-12T12:08:16.824131,/api/shipping/item,200,0.337,0.53
2026-04-12T12:07:00.824131,/api/payment/item,500,0.764,1.168
2026-04-12T12:14:10.824131,/api/shipping/item,201,0.314,0.8
2026-04-12T12:11:00.824131,/api/user/item,200,1.059,0.912
2026-04-12T12:08:37.824131,/api/cart/item,200,0.43,1.048
2026-04-12T12:05:12.824131,/api/user/item,400,0.471,0.693
2026-04-12T12:13:22.824131,/api/payment/item,200,0.286,1.106
2026-04-12T12:12:29.824131,/api/user/item,500,0.662,0.105
2026-04-12T12:09:04.824131,/api/cart/item,500,1.098,0.353
2026-04-12T12:09:26.824131,/api/cart/item,200,1.155,0.661
2026-04-12T12:12:44.824131,/api/payment/item,200,0.873,0.979
2026-04-12T12:14:11.824131,/api/shipping/item,200,1.015,0.945
2026-04-12T12:11:42.824131,/api/cart/item,404,1.418,0.061
2026-04-12T12:07:00.824131,/api/shipping/item,400,0.844,0.709
2026-04-12T12:07:34.824131,/api/user/item,400,0.142,0.616
2026-04-12T12:12:43.824131,/api/payment/item,200,0.622,0.335
2026-04-12T12:11:03.824131,/api/payment/item,200,0.795,0.189
2026-04-12T12:12:27.824131,/api/cart/item,200,1.033,0.88
2026-04-12T12:09:27.824131,/api/catalogue/item,200,1.094,0.852
2026-04-12T12:09:19.824131,/api/cart/item,404,1.035,0.805
2026-04-12T12:11:33.824131,/api/payment/item,200,1.015,0.32
2026-04-12T12:12:09.824131,/api/user/item,404,0.192,0.89
2026-04-12T12:05:26.824131,/api/user/item,502,0.537,0.784
2026-04-12T12:06:56.824131,/api/user/item,200,0.155,0.928
2026-04-12T12:09:17.824131,/api/cart/item,201,0.964,0.891
2026-04-12T12:07:26.824131,/api/cart/item,404,0.205,0.985
2026-04-12T12:14:42.824131,/api/user/item,200,1.353,1.08
2026-04-12T12:08:08.824131,/api/user/item,500,0.996,0.087
2026-04-12T12:10:45.824131,/api/shipping/item,500,0.474,0.472
2026-04-12T12:06:55.824131,/api/cart/item,500,0.069,1.148
2026-04-12T12:11:36.824131,/api/user/item,200,0.128,0.696
2026-04-12T12:14:01.824131,/api/catalogue/item,500,0.886,0.974
2026-04-12T12:06:43.824131,/api/shipping/item,404,1.261,0.38
2026-04-12T12:07:03.824131,/api/catalogue/item,200,0.85,0.079
2026-04-12T12:10:25.824131,/api/cart/item,400,0.976,1.167
2026-04-12T12:09:59.824131,/api/shipping/item,500,0.199,1.003
2026-04-12T12:09:56.824131,/api/cart/item,200,0.45,0.855
2026-04-12T12:05:06.824131,/api/user/item,201,1.258,0.115
2026-04-12T12:15:01.824131,/api/cart/item,502,0.761,0.92
2026-04-12T12:05:14.824131,/api/cart/item,200,0.703,0.422
2026-04-12T12:06:05.824131,/api/catalogue/item,400,0.348,1.014
2026-04-12T12:08:57.824131,/api/user/item,400,1.065,0.706
2026-04-12T12:12:43.824131,/api/shipping/item,200,0.247,0.666
2026-04-12T12:12:36.824131,/api/catalogue/item,404,1.283,1.047
2026-04-12T12:10:02.824131,/api/user/item,400,0.528,1.199
2026-04-12T12:10:12.824131,/api/payment/item,201,0.999,0.385
2026-04-12T12:11:23.824131,/api/shipping/item,200,1.298,0.296
2026-04-12T12:11:32.824131,/api/payment/item,400,0.202,0.615
2026-04-12T12:08:17.824131,/api/shipping/item,200,0.76,0.12
2026-04-12T12:11:12.824131,/api/user/item,404,1.488,0.374
2026-04-12T12:14:55.824131,/api/user/item,200,0.116,0.538
2026-04-12T12:11:11.824131,/api/user/item,500,0.533,0.535
2026-04-12T12:13:20.824131,/api/cart/item,200,0.418,1.046
2026-04-12T12:12:59.824131,/api/catalogue/item,404,0.469,0.314
2026-04-12T12:11:45.824131,/api/payment/item,400,0.356,0.91
2026-04-12T12:14:38.824131,/api/payment/item,502,0.754,0.51
2026-04-12T12:13:58.824131,/api/user/item,200,1.393,1.156
2026-04-12T12:05:30.824131,/api/user/item,200,0.58,1.064
2026-04-12T12:07:49.824131,/api/shipping/item,502,1.282,0.844
2026-04-12T12:12:56.824131,/api/cart/item,200,0.923,1.164
2026-04-12T12:12:59.824131,/api/catalogue/item,200,0.701,0.978
2026-04-12T12:06:34.824131,/api/payment/item,400,1.155,0.523
2026-04-12T12:07:27.824131,/api/shipping/item,200,0.6,0.561
2026-04-12T12:05:06.824131,/api/payment/item,201,1.222,0.254
2026-04-12T12:05:41.824131,/api/shipping/item,404,0.56,1.188
2026-04-12T12:11:13.824131,/api/cart/item,500,1.062,0.74
2026-04-12T12:09:38.824131,/api/cart/item,200,0.101,0.354
2026-04-12T12:12:18.824131,/api/cart/item,500,0.882,1.019
2026-04-12T12:07:52.824131,/api/catalogue/item,400,1.412,1.005
2026-04-12T12:12:06.824131,/api/payment/item,400,0.995,0.792
2026-04-12T12:09:15.824131,/api/payment/item,201,1.22,0.288
2026-04-12T12:12:53.824131,/api/catalogue/item,201,1.176,0.074
2026-04-12T12:10:14.824131,/api/shipping/item,200,1.422,1.008
2026-04-12T12:14:38.824131,/api/cart/item,201,0.863,1.027
2026-04-12T12:14:34.824131,/api/payment/item,200,1.181,0.414
2026-04-12T12:09:44.824131,/api/catalogue/item,500,1.448,0.645
2026-04-12T12:10:57.824131,/api/catalogue/item,200,1.041,0.773
2026-04-12T12:08:13.824131,/api/cart/item,500,0.491,0.753
2026-04-12T12:08:33.824131,/api/shipping/item,200,1.277,0.915
2026-04-12T12:05:09.824131,/api/user/item,200,1.307,0.378
2026-04-12T12:07:59.824131,/api/catalogue/item,200,1.069,0.931
2026-04-12T12:13:35.824131,/api/user/item,404,1.198,1.2
2026-04-12T12:10:28.824131,/api/shipping/item,201,0.849,0.862
2026-04-12T12:12:44.824131,/api/user/item,500,0.372,1.104
2026-04-12T12:12:46.824131,/api/user/item,201,0.317,0.147
2026-04-12T12:12:32.824131,/api/shipping/item,200,0.286,0.132
2026-04-12T12:07:00.824131,/api/cart/item,201,0.395,0.527
2026-04-12T12:12:27.824131,/api/user/item,200,1.474,0.872
2026-04-12T12:13:42.824131,/api/shipping/item,404,0.331,0.189
2026-04-12T12:12:51.824131,/api/shipping/item,500,0.385,0.514
2026-04-12T12:13:52.824131,/api/shipping/item,200,0.993,0.07
2026-04-12T12:12:47.824131,/api/user/item,500,0.354,0.199
2026-04-12T12:09:00.824131,/api/shipping/item,404,0.298,1.008
2026-04-12T12:08:18.824131,/api/shipping/item,200,0.472,1.13
2026-04-12T12:07:18.824131,/api/cart/item,200,1.156,0.367
2026-04-12T12:07:36.824131,/api/user/item,200,0.616,0.055
2026-04-12T12:12:15.824131,/api/cart/item,200,1.056,0.844
2026-04-12T12:15:02.824131,/api/catalogue/item,201,0.884,0.96
2026-04-12T12:11:52.824131,/api/user/item,500,1.103,0.922
2026-04-12T12:11:36.824131,/api/payment/item,404,0.408,0.913
2026-04-12T12:09:45.824131,/api/cart/item,200,0.159,0.163
2026-04-12T12:08:28.824131,/api/user/item,201,0.48,0.052
2026-04-12T12:09:17.824131,/api/payment/item,200,0.318,0.667
2026-04-12T12:07:02.824131,/api/payment/item,400,0.121,0.823
2026-04-12T12:14:40.824131,/api/user/item,400,1.16,0.058
2026-04-12T12:07:30.824131,/api/user/item,201,1.441,0.171
2026-04-12T12:10:42.824131,/api/payment/item,201,1.273,0.831
2026-04-12T12:14:38.824131,/api/shipping/item,201,1.195,0.772
2026-04-12T12:07:35.824131,/api/catalogue/item,200,0.623,0.904
2026-04-12T12:09:02.824131,/api/payment/item,200,0.741,0.445
2026-04-12T12:08:06.824131,/api/cart/item,200,0.573,0.871
2026-04-12T12:05:48.824131,/api/cart/item,200,0.86,0.416
2026-04-12T12:08:45.824131,/api/cart/item,200,0.836,0.227
2026-04-12T12:10:32.824131,/api/user/item,500,0.758,0.695
2026-04-12T12:09:39.824131,/api/cart/item,200,0.895,0.35
2026-04-12T12:05:21.824131,/api/user/item,200,0.441,0.089
2026-04-12T12:06:54.824131,/api/catalogue/item,200,1.014,0.971
2026-04-12T12:10:38.824131,/api/catalogue/item,404,1.474,0.435
2026-04-12T12:11:01.824131,/api/payment/item,201,1.161,0.253
2026-04-12T12:10:55.824131,/api/catalogue/item,500,0.101,0.742
2026-04-12T12:09:56.824131,/api/user/item,400,1.322,0.597
2026-04-12T12:08:07.824131,/api/payment/item,200,1.363,0.266
2026-04-12T12:14:09.824131,/api/cart/item,200,0.113,0.616
2026-04-12T12:09:03.824131,/api/cart/item,200,0.126,0.501
2026-04-12T12:08:02.824131,/api/shipping/item,400,1.25,0.302
2026-04-12T12:13:24.824131,/api/catalogue/item,404,1.25,1.065
2026-04-12T12:13:09.824131,/api/cart/item,200,0.608,0.26
2026-04-12T12:06:27.824131,/api/shipping/item,200,0.76,1.055
2026-04-12T12:12:23.824131,/api/cart/item,200,1.315,0.353
2026-04-12T12:12:37.824131,/api/payment/item,502,0.596,0.415
2026-04-12T12:10:07.824131,/api/cart/item,200,1.005,0.214
2026-04-12T12:11:43.824131,/api/shipping/item,200,0.473,1.042
2026-04-12T12:13:40.824131,/api/cart/item,200,1.171,0.989
2026-04-12T12:12:50.824131,/api/cart/item,200,1.27,0.41
2026-04-12T12:07:52.824131,/api/cart/item,200,0.455,0.066
2026-04-12T12:12:54.824131,/api/cart/item,400,0.533,0.616
2026-04-12T12:06:55.824131,/api/cart/item,500,0.28,0.406
2026-04-12T12:05:43.824131,/api/shipping/item,400,0.898,0.889
2026-04-12T12:11:28.824131,/api/catalogue/item,500,0.651,0.846
2026-04-12T12:05:36.824131,/api/cart/item,400,0.894,0.112
2026-04-12T12:08:32.824131,/api/shipping/item,400,0.689,0.119
2026-04-12T12:07:43.824131,/api/shipping/item,404,1.151,0.809
2026-04-12T12:13:20.824131,/api/catalogue/item,200,0.611,0.968
2026-04-12T12:14:18.824131,/api/user/item,200,0.684,0.236
2026-04-12T12:07:50.824131,/api/catalogue/item,200,1.051,0.703
2026-04-12T12:07:33.824131,/api/payment/item,404,0.211,0.527
2026-04-12T12:06:58.824131,/api/shipping/item,500,0.837,0.302
2026-04-12T12:10:53.824131,/api/catalogue/item,404,0.559,0.808
2026-04-12T12:08:43.824131,/api/payment/item,201,0.326,0.581
2026-04-12T12:10:04.824131,/api/cart/item,404,0.707,0.448
2026-04-12T12:14:36.824131,/api/cart/item,404,0.751,0.264
2026-04-12T12:12:49.824131,/api/catalogue/item,200,0.874,0.848
2026-04-12T12:13:27.824131,/api/payment/item,200,0.37,0.657
2026-04-12T12:06:48.824131,/api/payment/item,200,0.668,0.983
2026-04-12T12:06:43.824131,/api/payment/item,500,1.035,0.908
2026-04-12T12:14:16.824131,/api/catalogue/item,404,0.834,0.374
2026-04-12T12:10:28.824131,/api/catalogue/item,200,0.094,0.93
2026-04-12T12:07:39.824131,/api/user/item,200,0.458,0.321
2026-04-12T12:12:40.824131,/api/user/item,400,1.142,0.796
2026-04-12T12:08:33.824131,/api/catalogue/item,200,1.102,0.335
2026-04-12T12:11:29.824131,/api/shipping/item,200,1.297,1.146
2026-04-12T12:10:23.824131,/api/shipping/item,200,1.433,0.913
2026-04-12T12:10:15.824131,/api/shipping/item,200,1.079,0.542
2026-04-12T12:09:48.824131,/api/cart/item,400,0.905,0.593
2026-04-12T12:06:37.824131,/api/cart/item,201,0.495,0.722
2026-04-12T12:07:11.824131,/api/cart/item,200,1.108,0.573
2026-04-12T12:10:25.824131,/api/shipping/item,404,0.907,1.167
2026-04-12T12:13:47.824131,/api/user/item,200,0.783,0.236
