timestamp,service,cpu_usage,memory_usage,request_rate
2026-04-12T12:11:28.824131,catalogue,0.543,642910592,24.49
2026-04-12T12:12:31.824131,payment,0.64,535230616,90.04
2026-04-12T12:06:57.824131,catalogue,0.844,542893640,119.82
2026-04-12T12:10:16.824131,user,0.141,612595620,155.89
2026-04-12T12:08:07.824131,cart,0.438,291126788,90.81
2026-04-12T12:14:48.824131,cart,0.181,609168581,40.16
2026-04-12T12:15:03.824131,cart,0.835,613255193,12.45
2026-04-12T12:09:48.824131,cart,0.261,738114420,195.13
2026-04-12T12:13:56.824131,user,0.104,352216054,14.81
2026-04-12T12:11:03.824131,catalogue,0.917,514244660,50.98
2026-04-12T12:12:50.824131,cart,0.515,453716780,105.91
2026-04-12T12:08:34.824131,catalogue,0.295,147810319,122.04
2026-04-12T12:10:09.824131,shipping,0.839,131023423,39.07
2026-04-12T12:12:54.824131,catalogue,0.635,783411165,42.68
2026-04-12T12:08:08.824131,cart,0.502,799456228,167.74
2026-04-12T12:07:40.824131,cart,0.854,605205167,91.64
2026-04-12T12:05:12.824131,shipping,0.474,519678570,190.65
2026-04-12T12:07:47.824131,user,0.343,438789505,31.62
2026-04-12T12:11:54.824131,cart,0.859,146376777,94.42
2026-04-12T12:10:13.824131,payment,0.443,514318917,107.97
2026-04-12T12:05:20.824131,catalogue,0.275,463608552,169.09
2026-04-12T12:09:01.824131,user,0.451,208430380,70.16
2026-04-12T12:08:24.824131,cart,0.133,139755841,60.55
2026-04-12T12:14:35.824131,cart,0.874,582206322,177.72
2026-04-12T12:08:44.824131,user,0.996,500533860,141.85
2026-04-12T12:07:51.824131,shipping,0.896,458182569,24.24
2026-04-12T12:10:46.824131,cart,0.702,293831457,80.17
2026-04-12T12:13:20.824131,catalogue,0.316,306191966,110.62
2026-04-12T12:13:29.824131,shipping,0.747,421102447,52.54
2026-04-12T12:07:50.824131,cart,0.755,195341371,31.66
2026-04-12T12:09:48.824131,shipping,0.375,684369796,160.67
2026-04-12T12:06:37.824131,user,0.248,279180860,41.67
2026-04-12T12:11:49.824131,payment,0.138,622120828,155.53
2026-04-12T12:06:53.824131,payment,0.275,265829219,11.92
2026-04-12T12:09:50.824131,user,0.186,168730806,57.1
2026-04-12T12:11:24.824131,catalogue,0.466,671107396,197.13
2026-04-12T12:12:13.824131,cart,0.704,601653730,8.1
2026-04-12T12:13:03.824131,catalogue,0.281,278399284,186.61
2026-04-12T12:14:13.824131,shipping,0.656,464796100,180.27
2026-04-12T12:12:42.824131,cart,0.868,222398482,192.69
2026-04-12T12:09:14.824131,user,0.87,571663949,178.88
2026-04-12T12:08:54.824131,cart,0.58,632537304,72.46
2026-04-12T12:11:21.824131,cart,0.204,327575497,48.21
2026-04-12T12:11:58.824131,cart,0.257,481977317,158.94
2026-04-12T12:05:40.824131,cart,0.731,394505483,109.05
2026-04-12T12:06:54.824131,cart,0.442,539225972,88.89
2026-04-12T12:12:21.824131,shipping,0.618,377975593,182.23
2026-04-12T12:11:36.824131,payment,0.578,395375926,147.97
2026-04-12T12:07:30.824131,shipping,0.344,314765013,45.8
2026-04-12T12:10:26.824131,cart,0.739,463774417,129.17
2026-04-12T12:06:17.824131,user,0.488,163995061,35.05
2026-04-12T12:06:14.824131,payment,0.976,137749348,57.88
2026-04-12T12:11:12.824131,user,0.235,107026404,196.35
2026-04-12T12:05:43.824131,catalogue,0.381,222974457,157.12
2026-04-12T12:08:20.824131,cart,0.441,379985019,175.57
2026-04-12T12:10:14.824131,shipping,0.477,180918307,109.34
2026-04-12T12:13:54.824131,shipping,0.56,736809062,141.76
2026-04-12T12:14:54.824131,user,0.212,414008750,82.01
2026-04-12T12:09:41.824131,payment,0.27,126304525,156.62
2026-04-12T12:13:47.824131,user,0.248,734051620,77.72
2026-04-12T12:08:29.824131,shipping,0.823,492270008,69.15
2026-04-12T12:06:31.824131,catalogue,0.818,570405153,179.61
2026-04-12T12:07:36.824131,catalogue,0.954,746680529,157.45
2026-04-12T12:07:00.824131,shipping,0.535,413693432,177.49
2026-04-12T12:07:39.824131,shipping,0.9,435163354,117.2
2026-04-12T12:08:57.824131,catalogue,0.903,793736578,32.28
2026-04-12T12:14:50.824131,shipping,0.149,245581725,92.37
2026-04-12T12:13:47.824131,payment,0.715,523219756,89.35
2026-04-12T12:13:30.824131,cart,0.165,103654855,19.57
2026-04-12T12:08:27.824131,payment,0.928,308299410,186.01
2026-04-12T12:08:30.824131,catalogue,0.189,191060100,101.31
2026-04-12T12:10:52.824131,catalogue,0.885,494899659,69.58
2026-04-12T12:08:29.824131,user,0.426,629049549,36.46
2026-04-12T12:05:21.824131,payment,0.108,643363117,18.68
2026-04-12T12:05:23.824131,shipping,0.596,387728927,7.23
2026-04-12T12:11:18.824131,catalogue,0.568,437160976,175.69
2026-04-12T12:11:58.824131,payment,0.992,527293864,109.94
2026-04-12T12:14:31.824131,payment,0.976,731255541,50.16
2026-04-12T12:10:53.824131,shipping,0.138,312906075,191.35
2026-04-12T12:09:45.824131,user,0.723,504784921,81.5
2026-04-12T12:07:56.824131,catalogue,0.559,226670745,109.85
2026-04-12T12:06:05.824131,user,0.523,719439631,93.86
2026-04-12T12:10:19.824131,shipping,0.25,552809127,193.05
2026-04-12T12:06:32.824131,payment,0.919,731081429,34.1
2026-04-12T12:05:39.824131,user,0.256,701646399,21.26
2026-04-12T12:08:04.824131,user,0.314,640288561,154.79
2026-04-12T12:05:06.824131,catalogue,0.33,795280211,135.95
2026-04-12T12:06:06.824131,catalogue,0.485,372355848,154.95
2026-04-12T12:14:26.824131,payment,0.294,707016920,110.87
2026-04-12T12:06:51.824131,cart,0.831,279649386,73.26
2026-04-12T12:13:19.824131,user,0.14,737283741,178.99
2026-04-12T12:13:47.824131,user,0.668,294449262,16.28
2026-04-12T12:06:28.824131,cart,0.844,448190942,193.66
2026-04-12T12:10:26.824131,shipping,0.84,281000289,75.52
2026-04-12T12:10:14.824131,user,0.884,554612346,122.99
2026-04-12T12:12:10.824131,catalogue,0.204,339856521,63.79
2026-04-12T12:13:40.824131,shipping,0.677,138095630,31.02
2026-04-12T12:07:32.824131,cart,0.837,781995804,143.25
2026-04-12T12:06:49.824131,user,0.482,203820830,143.86
2026-04-12T12:08:03.824131,shipping,0.326,370268738,145.13
2026-04-12T12:14:06.824131,shipping,0.57,348285640,144.47
2026-04-12T12:14:46.824131,shipping,0.939,505008895,156.07
2026-04-12T12:14:08.824131,payment,0.99,324726231,129.82
2026-04-12T12:06:01.824131,catalogue,0.563,365124933,156.49
2026-04-12T12:07:47.824131,user,0.281,112211642,45.07
2026-04-12T12:08:30.824131,cart,0.646,151532754,17.47
2026-04-12T12:13:43.824131,cart,0.235,338277502,37.84
2026-04-12T12:12:42.824131,payment,0.491,345780056,130.17
2026-04-12T12:10:30.824131,user,0.675,325933236,19.33
2026-04-12T12:12:47.824131,payment,0.565,199753055,146.93
2026-04-12T12:12:20.824131,catalogue,0.614,298483393,131.73
2026-04-12T12:12:33.824131,catalogue,0.43,337598242,93.37
2026-04-12T12:09:29.824131,user,0.6,231869077,199.86
2026-04-12T12:12:53.824131,catalogue,0.72,787970745,111.21
2026-04-12T12:05:49.824131,user,0.389,313077088,85.26
2026-04-12T12:13:13.824131,user,0.865,203126620,47.19
2026-04-12T12:08:53.824131,user,0.553,467530348,154.86
2026-04-12T12:09:02.824131,shipping,0.342,199068042,52.09
2026-04-12T12:09:47.824131,shipping,0.708,428209169,153.09
2026-04-12T12:12:41.824131,user,0.61,360424092,196.43
2026-04-12T12:11:28.824131,cart,0.429,285601622,162.4
2026-04-12T12:07:00.824131,cart,0.327,214275540,142.32
2026-04-12T12:09:42.824131,payment,0.362,137788562,148.95
2026-04-12T12:06:57.824131,shipping,0.212,163711101,45.14
2026-04-12T12:06:51.824131,catalogue,0.746,158304272,163.78
2026-04-12T12:07:43.824131,cart,0.858,765354478,5.23
2026-04-12T12:09:24.824131,cart,0.383,652412009,189.48
2026-04-12T12:12:48.824131,shipping,0.827,279688145,122.92
2026-04-12T12:07:00.824131,shipping,0.791,789206697,29.86
2026-04-12T12:08:39.824131,cart,0.946,553362339,41.0
2026-04-12T12:08:10.824131,catalogue,0.282,525886590,23.52
2026-04-12T12:12:29.824131,cart,0.371,290299703,51.84
2026-04-12T12:08:31.824131,shipping,0.505,294321150,144.83
2026-04-12T12:12:48.824131,shipping,0.917,168941252,129.45
2026-04-12T12:07:39.824131,payment,0.232,437251612,40.89
2026-04-12T12:12:35.824131,cart,0.977,124308948,18.85
2026-04-12T12:10:41.824131,cart,0.394,314704050,101.63
2026-04-12T12:09:22.824131,shipping,0.899,458898579,172.98
2026-04-12T12:09:26.824131,user,0.898,666742141,159.98
2026-04-12T12:12:35.824131,catalogue,0.252,214259103,25.1
2026-04-12T12:09:07.824131,catalogue,0.571,756173688,17.73
2026-04-12T12:11:35.824131,payment,0.336,262315944,15.65
2026-04-12T12:10:20.824131,user,0.827,396111030,68.72
2026-04-12T12:13:25.824131,cart,0.586,714023972,35.55
2026-04-12T12:06:02.824131,shipping,0.644,151699646,7.08
2026-04-12T12:14:15.824131,cart,0.238,177014354,78.91
2026-04-12T12:09:55.824131,user,0.779,352965876,143.95
2026-04-12T12:05:12.824131,catalogue,0.503,512247152,76.96
2026-04-12T12:11:34.824131,shipping,0.459,144757246,185.97
2026-04-12T12:15:02.824131,shipping,0.936,482872382,169.47
2026-04-12T12:13:15.824131,user,0.257,514686291,51.01
2026-04-12T12:13:45.824131,user,0.877,740483538,50.08
2026-04-12T12:09:44.824131,user,0.799,736407371,160.09
2026-04-12T12:13:08.824131,user,0.427,244387713,138.31
2026-04-12T12:14:23.824131,catalogue,0.479,496438606,193.18
2026-04-12T12:07:43.824131,payment,0.183,482813508,196.36
2026-04-12T12:07:10.824131,cart,0.267,595270836,157.05
2026-04-12T12:10:27.824131,payment,0.784,127576316,78.77
2026-04-12T12:13:02.824131,catalogue,0.945,228118963,130.97
2026-04-12T12:05:54.824131,cart,0.261,566273107,173.28
2026-04-12T12:14:14.824131,payment,0.17,741217397,188.33
2026-04-12T12:05:29.824131,catalogue,0.401,346958467,144.2
2026-04-12T12:13:51.824131,shipping,0.231,649285068,137.36
2026-04-12T12:14:07.824131,user,0.193,384734554,158.24
2026-04-12T12:08:25.824131,cart,0.412,471338506,160.96
2026-04-12T12:10:11.824131,cart,0.193,578767955,15.76
2026-04-12T12:14:29.824131,catalogue,0.421,472492862,188.62
2026-04-12T12:15:06.824131,cart,0.399,564783837,26.93
2026-04-12T12:14:48.824131,cart,0.584,523881505,112.63
2026-04-12T12:09:42.824131,cart,0.801,492876107,100.51
2026-04-12T12:06:37.824131,catalogue,0.283,733916224,114.81
2026-04-12T12:07:28.824131,payment,0.999,353001689,138.0
2026-04-12T12:11:13.824131,cart,0.464,388326979,107.34
2026-04-12T12:05:25.824131,payment,0.903,376544327,118.47
2026-04-12T12:08:26.824131,user,0.308,365950352,75.52
2026-04-12T12:07:40.824131,cart,0.8,617885840,153.34
2026-04-12T12:06:20.824131,shipping,0.798,608226476,128.54
2026-04-12T12:13:32.824131,shipping,0.418,175757593,160.37
2026-04-12T12:12:42.824131,user,0.315,500185017,38.16
2026-04-12T12:08:03.824131,cart,0.264,682637708,45.07
2026-04-12T12:06:22.824131,cart,0.116,295527733,89.75
2026-04-12T12:08:22.824131,shipping,0.308,132137496,24.26
2026-04-12T12:09:36.824131,shipping,0.218,716876988,71.48
2026-04-12T12:13:41.824131,shipping,0.752,258066785,76.81
2026-04-12T12:05:22.824131,user,0.794,782701941,56.71
2026-04-12T12:07:54.824131,shipping,0.313,367096993,110.96
2026-04-12T12:06:44.824131,shipping,0.292,133095435,97.27
2026-04-12T12:10:25.824131,shipping,0.189,725663758,9.66
2026-04-12T12:07:44.824131,payment,0.961,195921646,125.23
2026-04-12T12:14:42.824131,user,0.81,180072359,93.47
2026-04-12T12:05:08.824131,user,0.654,604553625,7.27
2026-04-12T12:13:32.824131,cart,0.221,134598657,41.75
2026-04-12T12:08:09.824131,payment,0.399,583927788,154.36
2026-04-12T12:09:28.824131,shipping,0.169,687169594,13.0
2026-04-12T12:14:54.824131,payment,0.499,598270318,173.0
2026-04-12T12:09:07.824131,cart,0.22,276051439,191.91
2026-04-12T12:06:44.824131,user,0.667,158058327,41.66
2026-04-12T12:09:45.824131,catalogue,0.418,237531853,14.63
2026-04-12T12:11:27.824131,user,0.426,619658273,124.69
2026-04-12T12:08:03.824131,cart,0.159,569411839,93.24
2026-04-12T12:08:17.824131,catalogue,0.113,551043892,10.41
2026-04-12T12:09:50.824131,cart,0.844,398554240,60.54
2026-04-12T12:11:59.824131,shipping,0.658,669178659,194.53
2026-04-12T12:09:34.824131,catalogue,0.288,703535108,14.42
2026-04-12T12:07:40.824131,catalogue,0.228,619866517,116.93
2026-04-12T12:05:45.824131,user,0.532,421465372,142.61
2026-04-12T12:09:56.824131,shipping,0.446,756007060,108.36
2026-04-12T12:09:57.824131,user,0.646,152552967,195.91
2026-04-12T12:14:44.824131,cart,0.44,397718185,142.81
2026-04-12T12:05:28.824131,catalogue,0.905,279273821,89.01
2026-04-12T12:12:01.824131,shipping,0.755,556005417,144.61
2026-04-12T12:06:00.824131,shipping,0.234,463837878,150.52
2026-04-12T12:05:53.824131,shipping,0.56,493217190,66.43
2026-04-12T12:06:45.824131,cart,0.185,154160018,179.92
2026-04-12T12:05:24.824131,payment,0.522,709334441,106.55
2026-04-12T12:10:24.824131,cart,0.224,676293341,8.94
2026-04-12T12:07:42.824131,shipping,0.142,135615261,132.33
2026-04-12T12:14:44.824131,shipping,0.365,580977759,5.66
2026-04-12T12:06:12.824131,shipping,0.487,224309929,89.6
2026-04-12T12:12:13.824131,payment,0.634,389128896,171.07
2026-04-12T12:07:27.824131,catalogue,0.347,594264738,147.55
2026-04-12T12:12:29.824131,catalogue,0.74,798321774,76.63
2026-04-12T12:13:57.824131,payment,0.934,791018144,61.27
2026-04-12T12:06:34.824131,payment,0.363,385867469,91.19
2026-04-12T12:06:11.824131,payment,0.836,662413662,51.94
2026-04-12T12:09:42.824131,user,0.967,416076202,49.21
2026-04-12T12:08:26.824131,payment,0.92,762767009,49.22
2026-04-12T12:06:23.824131,shipping,0.533,227904480,26.66
2026-04-12T12:12:09.824131,payment,0.235,222562221,184.04
2026-04-12T12:10:58.824131,catalogue,0.753,426384101,139.44
2026-04-12T12:09:57.824131,shipping,0.443,788334661,166.48
2026-04-12T12:08:45.824131,user,0.697,574534577,180.75
2026-04-12T12:11:22.824131,payment,0.717,797937645,83.78
2026-04-12T12:10:22.824131,user,0.522,689908885,74.43
2026-04-12T12:09:05.824131,user,0.902,787163565,15.35
2026-04-12T12:14:43.824131,user,0.115,617228678,18.41
2026-04-12T12:06:16.824131,catalogue,0.816,188838122,165.51
2026-04-12T12:14:04.824131,cart,0.895,340814082,175.71
2026-04-12T12:10:22.824131,cart,0.389,404026903,139.18
2026-04-12T12:06:01.824131,catalogue,0.531,582731241,65.91
2026-04-12T12:15:03.824131,catalogue,0.584,137501324,191.44
2026-04-12T12:10:54.824131,payment,0.897,620500646,21.87
2026-04-12T12:05:23.824131,user,0.554,373724309,169.58
2026-04-12T12:11:10.824131,catalogue,0.306,122511674,29.89
2026-04-12T12:14:20.824131,user,0.699,454374342,12.23
2026-04-12T12:09:36.824131,payment,0.672,719745106,114.21
2026-04-12T12:08:45.824131,cart,0.707,374085314,149.2
2026-04-12T12:08:40.824131,shipping,0.459,599577148,25.66
2026-04-12T12:11:48.824131,catalogue,0.867,776853613,137.05
2026-04-12T12:09:48.824131,shipping,0.807,554777106,173.0
2026-04-12T12:09:02.824131,shipping,0.919,513502132,71.89
2026-04-12T12:05:36.824131,payment,0.11,263808723,44.58
2026-04-12T12:14:22.824131,user,0.66,512059190,197.7
2026-04-12T12:08:02.824131,cart,0.577,774224089,73.11
2026-04-12T12:09:46.824131,cart,0.48,765586239,171.76
2026-04-12T12:06:43.824131,user,0.274,193362645,199.19
2026-04-12T12:12:37.824131,catalogue,0.697,704225296,92.9
2026-04-12T12:09:22.824131,catalogue,0.37,647127092,150.9
2026-04-12T12:11:06.824131,cart,0.685,547710165,99.89
2026-04-12T12:08:35.824131,shipping,0.72,478157587,17.71
2026-04-12T12:06:19.824131,catalogue,0.783,228520412,194.6
2026-04-12T12:11:24.824131,shipping,0.892,529564267,170.56
2026-04-12T12:08:48.824131,cart,0.769,250297699,135.3
2026-04-12T12:09:28.824131,cart,0.807,275965889,132.24
2026-04-12T12:09:51.824131,payment,0.603,727838641,182.43
2026-04-12T12:05:39.824131,shipping,0.464,680247606,110.81
2026-04-12T12:10:38.824131,cart,0.109,525341481,68.87
2026-04-12T12:14:45.824131,user,0.384,754564760,58.63
2026-04-12T12:11:22.824131,shipping,0.781,103655726,177.5
2026-04-12T12:09:54.824131,payment,0.268,508608464,126.34
2026-04-12T12:05:50.824131,shipping,0.954,337073981,75.26
2026-04-12T12:14:19.824131,payment,0.355,171249539,199.89
2026-04-12T12:08:42.824131,payment,0.85,208061692,27.31
2026-04-12T12:05:07.824131,shipping,0.238,757427483,17.98
2026-04-12T12:06:17.824131,catalogue,0.973,242264310,160.78
2026-04-12T12:12:40.824131,cart,0.266,790019717,124.89
2026-04-12T12:09:17.824131,user,0.839,271614253,185.87
2026-04-12T12:14:27.824131,user,0.301,713215461,119.75
2026-04-12T12:10:11.824131,user,0.461,376379689,62.21
2026-04-12T12:11:28.824131,payment,0.42,440716109,192.5
2026-04-12T12:08:16.824131,payment,0.7,476514009,58.74
2026-04-12T12:11:14.824131,shipping,0.907,377953421,129.39
2026-04-12T12:11:52.824131,user,0.574,555590413,125.87
2026-04-12T12:08:06.824131,cart,0.579,416278042,17.77
2026-04-12T12:12:05.824131,user,0.758,266993203,125.26
2026-04-12T12:14:09.824131,cart,0.236,207081384,162.31
2026-04-12T12:08:48.824131,cart,0.162,154247998,119.69
2026-04-12T12:14:28.824131,payment,0.558,477254301,147.45
2026-04-12T12:08:43.824131,cart,0.568,747279296,156.21
2026-04-12T12:12:31.824131,shipping,0.47,548676892,100.92
2026-04-12T12:12:34.824131,user,0.11,199851088,129.03
2026-04-12T12:12:57.824131,shipping,0.689,119078351,55.33
2026-04-12T12:08:18.824131,payment,0.742,561311950,80.18
2026-04-12T12:14:47.824131,cart,0.419,221010788,102.78
2026-04-12T12:06:39.824131,cart,0.16,749796214,24.25
2026-04-12T12:13:39.824131,payment,0.563,777615470,103.71
2026-04-12T12:10:40.824131,shipping,0.377,378183723,130.81
2026-04-12T12:08:28.824131,payment,0.985,782990747,29.7
2026-04-12T12:10:30.824131,shipping,0.714,220383428,163.66
2026-04-12T12:12:36.824131,user,0.753,184316942,88.62
2026-04-12T12:11:02.824131,shipping,0.516,285208292,195.77
2026-04-12T12:10:42.824131,catalogue,0.196,104643414,43.02
2026-04-12T12:09:45.824131,catalogue,0.192,710618540,11.37
2026-04-12T12:09:19.824131,user,0.599,289126401,27.99
2026-04-12T12:14:32.824131,shipping,0.539,101401444,106.47
2026-04-12T12:07:54.824131,cart,0.609,162295176,109.07
2026-04-12T12:07:08.824131,cart,0.487,679832635,115.94
2026-04-12T12:06:56.824131,payment,0.288,732063957,69.69
2026-04-12T12:13:55.824131,shipping,0.896,739901757,117.23
2026-04-12T12:12:46.824131,catalogue,0.284,224842736,104.59
2026-04-12T12:13:11.824131,catalogue,0.3,266808848,104.45
2026-04-12T12:13:59.824131,cart,0.314,227867905,102.14
2026-04-12T12:10:45.824131,cart,0.671,631580157,104.48
2026-04-12T12:07:14.824131,catalogue,0.819,437858145,155.35
2026-04-12T12:12:04.824131,payment,0.224,150421662,74.97
2026-04-12T12:07:40.824131,cart,0.953,221448548,27.16
2026-04-12T12:11:54.824131,user,0.58,508887768,191.23
2026-04-12T12:11:29.824131,payment,0.458,412013939,192.6
2026-04-12T12:06:35.824131,cart,0.87,531074918,85.98
2026-04-12T12:14:30.824131,cart,0.818,669315219,139.65
2026-04-12T12:08:32.824131,shipping,0.688,325780388,180.32
2026-04-12T12:09:24.824131,shipping,0.877,510867356,96.6
2026-04-12T12:11:39.824131,user,0.237,336100254,104.92
2026-04-12T12:10:25.824131,shipping,0.797,676085900,101.1
2026-04-12T12:13:29.824131,catalogue,0.305,668667430,24.41
2026-04-12T12:06:22.824131,shipping,0.846,564755271,78.27
2026-04-12T12:13:37.824131,shipping,0.631,687561938,132.18
2026-04-12T12:12:44.824131,cart,0.101,530937023,169.85
2026-04-12T12:08:16.824131,catalogue,0.756,457633220,110.22
2026-04-12T12:14:20.824131,user,0.324,720075448,166.59
2026-04-12T12:05:13.824131,shipping,0.742,512698729,19.89
2026-04-12T12:08:34.824131,user,0.172,666163777,146.78
2026-04-12T12:12:45.824131,cart,0.795,145809657,96.11
2026-04-12T12:12:47.824131,payment,0.786,236345803,67.61
2026-04-12T12:11:48.824131,payment,0.747,496100687,82.01
2026-04-12T12:06:20.824131,payment,0.489,600711584,198.42
2026-04-12T12:06:41.824131,cart,0.626,142721637,60.18
2026-04-12T12:14:21.824131,catalogue,0.227,575476664,33.42
2026-04-12T12:07:03.824131,cart,0.385,258671419,128.08
2026-04-12T12:11:40.824131,shipping,0.566,656190866,37.77
2026-04-12T12:06:07.824131,catalogue,0.746,341633959,141.05
2026-04-12T12:12:51.824131,user,0.938,717014857,154.8
2026-04-12T12:07:04.824131,payment,0.891,495224638,40.72
2026-04-12T12:05:51.824131,payment,0.571,765605801,192.53
2026-04-12T12:07:16.824131,payment,0.408,636020720,38.06
2026-04-12T12:05:48.824131,payment,0.589,103727379,35.17
2026-04-12T12:06:09.824131,cart,0.69,562648954,180.23
2026-04-12T12:09:16.824131,user,0.609,757354282,54.24
2026-04-12T12:12:04.824131,user,0.882,303764452,182.96
2026-04-12T12:08:35.824131,cart,0.31,300555072,197.81
2026-04-12T12:10:17.824131,user,0.513,460088255,139.61
2026-04-12T12:06:19.824131,user,0.425,731760539,86.73
2026-04-12T12:10:45.824131,catalogue,0.754,701846219,174.47
2026-04-12T12:09:10.824131,catalogue,0.926,707063070,148.72
2026-04-12T12:07:03.824131,user,0.124,757895362,159.38
2026-04-12T12:07:20.824131,cart,0.495,304569799,198.79
2026-04-12T12:08:37.824131,catalogue,0.247,392618284,150.11
2026-04-12T12:10:44.824131,user,0.705,190953987,193.11
2026-04-12T12:09:00.824131,catalogue,0.395,704562800,105.19
2026-04-12T12:05:24.824131,catalogue,0.823,252411631,19.93
2026-04-12T12:09:27.824131,cart,0.427,563861866,172.08
2026-04-12T12:12:23.824131,cart,0.152,322948116,40.92
2026-04-12T12:07:40.824131,cart,0.696,491328177,9.12
2026-04-12T12:08:08.824131,payment,0.77,236768670,35.33
2026-04-12T12:13:22.824131,catalogue,0.316,111303694,193.86
2026-04-12T12:07:30.824131,catalogue,0.127,212674695,113.82
2026-04-12T12:11:38.824131,shipping,0.178,436909201,115.83
2026-04-12T12:06:26.824131,payment,0.216,106075030,13.04
2026-04-12T12:05:39.824131,shipping,0.466,183346545,111.55
2026-04-12T12:09:57.824131,user,0.125,156411103,124.84
2026-04-12T12:05:22.824131,shipping,0.225,344352853,52.44
2026-04-12T12:07:26.824131,cart,0.457,726160316,114.29
2026-04-12T12:10:18.824131,user,0.711,725839213,92.95
2026-04-12T12:07:26.824131,payment,0.565,334241280,198.31
2026-04-12T12:07:23.824131,payment,0.4,739249649,185.93
2026-04-12T12:13:18.824131,payment,0.923,498142034,16.2
2026-04-12T12:11:58.824131,user,0.744,399611376,123.09
2026-04-12T12:12:43.824131,cart,0.329,565636619,14.99
2026-04-12T12:09:20.824131,shipping,0.456,393222269,191.18
2026-04-12T12:10:39.824131,payment,0.228,684488193,138.15
2026-04-12T12:08:26.824131,cart,0.13,795282863,23.17
2026-04-12T12:08:39.824131,payment,0.313,135097190,125.02
2026-04-12T12:08:41.824131,shipping,0.564,573023078,24.0
2026-04-12T12:08:05.824131,catalogue,0.128,227098007,55.2
2026-04-12T12:13:27.824131,user,0.443,632969222,114.85
2026-04-12T12:14:33.824131,shipping,0.569,263437891,23.9
2026-04-12T12:12:55.824131,cart,0.164,488153898,109.94
2026-04-12T12:11:15.824131,payment,0.778,684214648,54.67
2026-04-12T12:09:30.824131,catalogue,0.437,620388867,22.04
2026-04-12T12:14:22.824131,payment,0.567,692668010,72.2
2026-04-12T12:10:53.824131,cart,0.349,397620512,165.68
2026-04-12T12:09:59.824131,cart,0.288,533576419,174.67
2026-04-12T12:14:03.824131,catalogue,0.52,246932857,189.65
2026-04-12T12:08:35.824131,cart,0.208,678785155,8.15
2026-04-12T12:10:44.824131,payment,0.337,401149968,136.77
2026-04-12T12:13:23.824131,payment,0.792,308690995,70.56
2026-04-12T12:11:37.824131,catalogue,0.768,441063118,152.25
2026-04-12T12:14:46.824131,cart,0.225,609173681,10.61
2026-04-12T12:06:57.824131,cart,0.605,630172656,48.05
2026-04-12T12:12:49.824131,user,0.261,228733065,148.28
2026-04-12T12:11:18.824131,payment,0.137,692551888,6.25
2026-04-12T12:12:46.824131,cart,0.326,729436272,175.88
2026-04-12T12:10:56.824131,shipping,0.8,567708232,51.15
2026-04-12T12:13:54.824131,user,0.1,150635626,133.05
2026-04-12T12:09:43.824131,shipping,0.893,295893837,55.5
2026-04-12T12:10:43.824131,catalogue,0.949,188244732,158.36
2026-04-12T12:12:01.824131,payment,0.849,647101282,67.01
2026-04-12T12:12:46.824131,user,0.446,208032008,81.86
2026-04-12T12:14:01.824131,cart,0.643,735190828,63.7
2026-04-12T12:12:02.824131,cart,0.48,305126061,114.62
2026-04-12T12:10:12.824131,cart,0.784,720750008,107.11
2026-04-12T12:09:47.824131,catalogue,0.971,321725129,180.09
2026-04-12T12:12:03.824131,cart,0.572,421984433,130.41
2026-04-12T12:10:07.824131,cart,0.665,418199437,69.87
2026-04-12T12:08:11.824131,payment,0.815,350329304,193.89
2026-04-12T12:14:37.824131,shipping,0.921,638113316,36.31
2026-04-12T12:12:46.824131,payment,0.515,684946966,24.8
2026-04-12T12:12:06.824131,shipping,0.161,689903132,110.62
2026-04-12T12:07:26.824131,payment,0.475,568534536,107.0
2026-04-12T12:10:49.824131,user,0.121,482086010,123.11
2026-04-12T12:05:43.824131,catalogue,0.665,359484078,163.42
2026-04-12T12:10:20.824131,cart,0.349,190033407,64.0
2026-04-12T12:08:24.824131,user,0.496,476594395,65.7
2026-04-12T12:06:20.824131,shipping,0.974,348089965,106.76
2026-04-12T12:10:33.824131,user,0.17,639070945,194.48
2026-04-12T12:05:08.824131,cart,0.863,322264779,29.37
2026-04-12T12:06:40.824131,shipping,0.409,694235863,116.56
2026-04-12T12:08:46.824131,user,0.189,611383751,150.78
2026-04-12T12:07:39.824131,shipping,0.46,698540763,195.08
2026-04-12T12:13:12.824131,user,0.945,483977447,59.11
2026-04-12T12:11:12.824131,payment,0.402,330354939,128.81
2026-04-12T12:14:23.824131,payment,0.348,504024508,38.8
2026-04-12T12:14:43.824131,catalogue,0.505,249879183,106.88
2026-04-12T12:09:14.824131,shipping,0.765,772018742,51.92
2026-04-12T12:13:23.824131,cart,0.794,645155543,8.75
2026-04-12T12:09:46.824131,payment,0.133,285850870,148.1
2026-04-12T12:13:46.824131,catalogue,0.332,613486438,73.25
2026-04-12T12:11:26.824131,user,0.701,385573456,49.81
2026-04-12T12:05:34.824131,cart,0.655,405767005,76.15
2026-04-12T12:09:03.824131,shipping,0.64,623929373,112.48
2026-04-12T12:13:09.824131,shipping,0.43,456859290,21.38
2026-04-12T12:13:12.824131,payment,0.289,761787500,141.18
2026-04-12T12:07:52.824131,cart,0.288,550532499,176.22
2026-04-12T12:13:09.824131,payment,0.408,508420753,50.9
2026-04-12T12:09:08.824131,catalogue,0.617,437696795,23.63
2026-04-12T12:07:56.824131,user,0.483,242716896,89.77
2026-04-12T12:14:13.824131,user,0.831,285997756,74.93
2026-04-12T12:12:10.824131,cart,0.499,794789267,170.13
2026-04-12T12:11:58.824131,cart,0.208,345265101,106.46
2026-04-12T12:14:15.824131,payment,0.215,643072419,185.84
2026-04-12T12:06:49.824131,user,0.819,584526126,154.99
2026-04-12T12:15:06.824131,shipping,0.702,161861017,111.7
2026-04-12T12:12:04.824131,cart,0.258,606204853,18.65
2026-04-12T12:05:17.824131,user,0.914,728566095,115.98
2026-04-12T12:14:37.824131,cart,0.723,543830055,134.82
2026-04-12T12:06:38.824131,shipping,0.168,235566164,165.04
2026-04-12T12:08:13.824131,user,0.324,153459900,115.89
2026-04-12T12:11:28.824131,user,0.112,309743359,32.24
2026-04-12T12:10:12.824131,cart,0.359,686574245,158.58
2026-04-12T12:10:30.824131,catalogue,0.859,359443319,129.08
2026-04-12T12:14:48.824131,catalogue,0.55,507507982,141.33
2026-04-12T12:11:12.824131,cart,0.951,549290603,169.97
2026-04-12T12:08:22.824131,user,0.481,538376589,44.16
2026-04-12T12:07:52.824131,cart,0.843,584791122,120.09
2026-04-12T12:11:18.824131,user,0.901,443758565,169.05
2026-04-12T12:09:19.824131,shipping,0.236,632497757,52.42
2026-04-12T12:10:27.824131,cart,0.504,638482058,64.32
2026-04-12T12:06:53.824131,shipping,0.322,327666707,198.87
2026-04-12T12:12:33.824131,cart,0.938,446322602,180.19
2026-04-12T12:11:54.824131,user,0.924,164292614,120.04
2026-04-12T12:11:17.824131,catalogue,0.133,641639677,151.73
2026-04-12T12:06:55.824131,payment,0.492,782170205,63.93
2026-04-12T12:07:54.824131,payment,0.416,708639767,99.75
2026-04-12T12:06:07.824131,cart,0.187,643033559,52.41
2026-04-12T12:11:33.824131,catalogue,0.339,248522096,23.55
2026-04-12T12:13:04.824131,shipping,0.474,405075588,55.34
2026-04-12T12:05:09.824131,payment,0.845,557239603,194.88
2026-04-12T12:10:06.824131,payment,0.236,233975575,167.15
2026-04-12T12:11:19.824131,payment,0.386,617692531,84.85
2026-04-12T12:14:08.824131,catalogue,0.174,699171653,110.56
2026-04-12T12:14:05.824131,payment,0.615,491683750,161.53
2026-04-12T12:12:12.824131,cart,0.33,118895941,130.04
2026-04-12T12:06:57.824131,shipping,0.639,364020166,152.36
2026-04-12T12:09:51.824131,payment,0.916,109298796,19.65
2026-04-12T12:12:38.824131,catalogue,0.638,274865518,186.89
2026-04-12T12:11:20.824131,catalogue,0.745,276200857,76.3
2026-04-12T12:13:49.824131,catalogue,0.441,132042211,49.48
2026-04-12T12:07:11.824131,payment,0.737,698754962,164.77
2026-04-12T12:07:17.824131,cart,0.725,205987497,132.75
2026-04-12T12:14:40.824131,user,0.921,688513786,179.65
2026-04-12T12:13:16.824131,user,0.122,252687533,18.58
2026-04-12T12:08:08.824131,cart,0.652,170592072,17.3
2026-04-12T12:11:03.824131,user,0.6,455525281,176.82
2026-04-12T12:12:32.824131,user,1.0,427360559,189.11
2026-04-12T12:14:20.824131,catalogue,0.631,574389804,43.4
2026-04-12T12:08:20.824131,catalogue,0.127,676003884,88.21
2026-04-12T12:09:09.824131,user,0.804,774851517,193.38
2026-04-12T12:13:35.824131,payment,0.652,160351994,180.41
2026-04-12T12:12:55.824131,shipping,0.53,537023356,88.35
2026-04-12T12:12:54.824131,payment,0.743,693395701,89.24
2026-04-12T12:12:28.824131,shipping,0.89,257225470,49.66
2026-04-12T12:13:56.824131,shipping,0.56,396563967,70.07
2026-04-12T12:12:13.824131,shipping,0.128,345422552,140.45
2026-04-12T12:07:48.824131,shipping,0.86,469046067,34.71
2026-04-12T12:14:19.824131,catalogue,0.506,273167816,195.72
2026-04-12T12:10:27.824131,catalogue,0.449,710931022,179.14
2026-04-12T12:12:57.824131,shipping,0.43,211299710,27.24
2026-04-12T12:10:06.824131,payment,0.56,336487265,92.52
2026-04-12T12:07:25.824131,payment,0.658,373546186,188.55
2026-04-12T12:06:01.824131,catalogue,0.309,531476544,9.9
2026-04-12T12:06:18.824131,catalogue,0.374,178939021,150.84
2026-04-12T12:13:00.824131,user,0.83,688581015,66.29
2026-04-12T12:12:18.824131,catalogue,0.431,125808893,133.86
2026-04-12T12:11:40.824131,catalogue,0.456,116897014,40.48
2026-04-12T12:06:09.824131,cart,0.255,796610237,79.01
2026-04-12T12:13:38.824131,shipping,0.959,328400860,25.06
2026-04-12T12:10:26.824131,shipping,0.959,101719386,32.51
2026-04-12T12:06:48.824131,payment,0.539,386611458,87.63
2026-04-12T12:14:12.824131,shipping,0.969,707959801,37.5
2026-04-12T12:10:42.824131,user,0.899,344320133,196.08
2026-04-12T12:11:35.824131,payment,0.292,794020465,116.52
2026-04-12T12:05:57.824131,cart,0.755,260439598,29.86
2026-04-12T12:13:00.824131,shipping,0.437,367575643,56.87
2026-04-12T12:06:41.824131,catalogue,0.71,164914781,90.44
2026-04-12T12:05:52.824131,catalogue,0.101,197508367,66.23
2026-04-12T12:14:50.824131,payment,0.132,486761140,165.56
2026-04-12T12:07:53.824131,payment,0.526,707740749,101.28
2026-04-12T12:13:53.824131,cart,0.576,178329710,150.61
2026-04-12T12:12:48.824131,catalogue,0.867,154607017,162.0
2026-04-12T12:12:00.824131,catalogue,0.249,714704597,191.0
2026-04-12T12:05:31.824131,shipping,0.588,417784690,24.91
2026-04-12T12:05:54.824131,cart,0.553,688594457,110.23
2026-04-12T12:12:02.824131,payment,0.372,117668191,39.04
2026-04-12T12:05:09.824131,shipping,0.43,648941294,129.92
2026-04-12T12:13:11.824131,cart,0.978,187461615,106.47
2026-04-12T12:15:03.824131,catalogue,0.948,345384842,198.7
2026-04-12T12:09:26.824131,user,0.351,494359480,41.31
2026-04-12T12:07:34.824131,catalogue,0.808,719380874,146.09
2026-04-12T12:05:38.824131,user,0.82,392081336,9.94
2026-04-12T12:15:01.824131,shipping,0.86,423000829,30.75
2026-04-12T12:14:09.824131,payment,0.112,457929208,101.03
2026-04-12T12:11:54.824131,payment,0.437,369573623,80.53
2026-04-12T12:06:15.824131,payment,0.528,337670814,19.53
2026-04-12T12:12:57.824131,shipping,0.707,108577931,149.51
2026-04-12T12:07:21.824131,catalogue,0.174,568334606,76.8
2026-04-12T12:09:07.824131,shipping,0.295,606225798,158.67
2026-04-12T12:06:16.824131,cart,0.571,283465289,75.45
2026-04-12T12:06:20.824131,payment,0.28,626335470,187.2
2026-04-12T12:13:49.824131,shipping,0.787,435562992,176.83
2026-04-12T12:05:34.824131,payment,0.895,605123108,57.55
2026-04-12T12:11:47.824131,payment,0.147,115596538,113.94
2026-04-12T12:10:24.824131,payment,0.625,389129702,106.89
2026-04-12T12:14:54.824131,user,0.33,490930746,132.3
2026-04-12T12:11:01.824131,shipping,0.277,662974558,30.94
2026-04-12T12:07:34.824131,payment,0.233,748198411,101.9
2026-04-12T12:07:18.824131,shipping,0.348,488280494,101.55
2026-04-12T12:14:30.824131,shipping,0.857,569105409,11.16
2026-04-12T12:07:29.824131,catalogue,0.354,296974823,188.68
2026-04-12T12:14:07.824131,shipping,0.316,109713653,6.31
2026-04-12T12:07:51.824131,cart,0.877,180836620,23.06
2026-04-12T12:14:35.824131,user,0.713,329598881,147.17
2026-04-12T12:06:33.824131,catalogue,0.518,779228897,42.38
2026-04-12T12:11:09.824131,user,0.363,701367175,191.71
2026-04-12T12:07:37.824131,catalogue,0.933,388988495,138.31
2026-04-12T12:07:28.824131,payment,0.468,182630255,191.23
2026-04-12T12:09:16.824131,shipping,0.538,584844740,145.52
2026-04-12T12:11:48.824131,catalogue,0.904,558904256,97.18
2026-04-12T12:06:11.824131,payment,0.33,408077809,106.0
2026-04-12T12:12:15.824131,cart,0.939,651419316,51.33
2026-04-12T12:09:33.824131,shipping,0.969,266975371,112.79
2026-04-12T12:08:16.824131,catalogue,0.102,678461419,95.83
2026-04-12T12:12:23.824131,cart,0.575,445358426,81.74
2026-04-12T12:11:14.824131,user,0.6,390898134,127.59
2026-04-12T12:12:26.824131,user,0.983,614021557,151.52
2026-04-12T12:13:38.824131,user,0.221,160803584,74.17
2026-04-12T12:05:56.824131,user,0.579,661832422,69.94
2026-04-12T12:13:52.824131,user,0.74,638991304,115.34
2026-04-12T12:13:05.824131,payment,0.932,406174003,119.28
2026-04-12T12:12:24.824131,payment,0.828,390026756,15.5
2026-04-12T12:11:05.824131,catalogue,0.256,479845550,8.2
2026-04-12T12:05:12.824131,shipping,0.916,186739755,100.96
2026-04-12T12:06:42.824131,catalogue,0.993,710712063,81.38
2026-04-12T12:13:24.824131,user,0.639,128451765,106.56
2026-04-12T12:12:07.824131,cart,0.652,702445106,72.77
2026-04-12T12:06:57.824131,cart,0.806,665469677,72.6
2026-04-12T12:08:07.824131,cart,0.24,774313678,29.8
2026-04-12T12:10:28.824131,user,0.581,275567726,99.63
2026-04-12T12:10:30.824131,cart,0.137,360365885,108.21
2026-04-12T12:07:05.824131,catalogue,0.898,256365523,97.96
2026-04-12T12:05:57.824131,shipping,0.435,694230660,89.6
2026-04-12T12:05:25.824131,payment,0.92,183645308,163.08
2026-04-12T12:11:33.824131,catalogue,0.431,687932870,64.57
2026-04-12T12:14:35.824131,cart,0.204,267836314,116.4
2026-04-12T12:14:56.824131,user,0.667,579842884,69.62
2026-04-12T12:13:37.824131,user,0.4,732174505,101.41
2026-04-12T12:13:39.824131,user,0.186,125495712,181.93
2026-04-12T12:12:12.824131,cart,0.628,707268059,139.17
2026-04-12T12:09:44.824131,shipping,0.465,462464151,111.9
2026-04-12T12:14:38.824131,catalogue,0.906,494005281,184.55
2026-04-12T12:11:19.824131,cart,0.393,202707525,67.04
2026-04-12T12:14:42.824131,cart,0.842,256947785,76.78
2026-04-12T12:10:56.824131,shipping,0.198,619407614,45.05
2026-04-12T12:10:26.824131,cart,0.527,542751022,183.54
2026-04-12T12:13:59.824131,payment,0.68,654409959,151.85
2026-04-12T12:06:17.824131,shipping,0.584,787537109,127.32
2026-04-12T12:08:19.824131,user,0.61,577006898,83.26
2026-04-12T12:06:09.824131,payment,0.619,203383559,126.98
2026-04-12T12:13:29.824131,payment,0.711,353141184,183.24
2026-04-12T12:08:26.824131,shipping,0.387,774331888,180.85
2026-04-12T12:14:42.824131,payment,0.4,279305276,113.42
2026-04-12T12:13:33.824131,shipping,0.676,343988950,122.14
2026-04-12T12:11:24.824131,catalogue,0.875,763167916,169.15
2026-04-12T12:06:54.824131,user,0.696,220705665,192.39
2026-04-12T12:05:47.824131,catalogue,0.428,522763490,86.82
2026-04-12T12:11:42.824131,catalogue,0.838,458446061,135.45
2026-04-12T12:08:10.824131,cart,0.476,428018140,70.62
2026-04-12T12:06:36.824131,catalogue,0.983,295277436,20.31
2026-04-12T12:12:38.824131,payment,0.928,384144480,186.34
2026-04-12T12:07:42.824131,cart,0.208,725030765,128.62
2026-04-12T12:06:48.824131,shipping,0.995,500452426,9.64
2026-04-12T12:06:02.824131,payment,0.995,693683757,176.01
2026-04-12T12:10:26.824131,cart,0.634,785930708,10.24
2026-04-12T12:07:34.824131,user,0.407,748153158,25.6
2026-04-12T12:05:38.824131,catalogue,0.792,648625162,152.16
2026-04-12T12:11:29.824131,payment,0.779,704300976,26.22
2026-04-12T12:11:32.824131,payment,0.716,381165452,45.97
2026-04-12T12:05:54.824131,cart,0.15,772252614,56.88
2026-04-12T12:09:45.824131,shipping,0.901,752763752,39.73
2026-04-12T12:07:36.824131,cart,0.597,580649329,111.76
2026-04-12T12:12:49.824131,user,0.709,623182345,175.62
2026-04-12T12:13:59.824131,catalogue,0.489,362004738,40.81
2026-04-12T12:12:47.824131,shipping,0.937,784672370,165.47
2026-04-12T12:10:27.824131,user,0.348,735748469,40.89
2026-04-12T12:09:58.824131,payment,0.603,155428323,86.09
2026-04-12T12:12:20.824131,catalogue,0.832,745375127,132.94
2026-04-12T12:08:21.824131,user,0.948,204396570,27.21
2026-04-12T12:07:02.824131,user,0.673,554320158,185.4
2026-04-12T12:07:15.824131,cart,0.811,591802360,101.3
2026-04-12T12:10:47.824131,catalogue,0.25,382490964,18.28
2026-04-12T12:13:58.824131,shipping,0.399,712860278,16.33
2026-04-12T12:10:15.824131,shipping,0.963,792482924,97.08
2026-04-12T12:05:27.824131,payment,0.743,320341737,58.96
2026-04-12T12:05:08.824131,cart,0.962,110236411,109.97
2026-04-12T12:11:25.824131,payment,0.545,625124742,59.51
2026-04-12T12:05:14.824131,user,0.574,259856714,144.21
2026-04-12T12:14:28.824131,user,0.385,596111827,63.07
2026-04-12T12:09:55.824131,shipping,0.686,745460585,5.08
2026-04-12T12:13:32.824131,payment,0.506,792585844,113.89
2026-04-12T12:07:03.824131,cart,0.51,599302225,174.29
2026-04-12T12:06:34.824131,shipping,0.73,593663815,43.59
2026-04-12T12:10:24.824131,catalogue,0.142,377982388,120.99
2026-04-12T12:09:02.824131,shipping,0.848,299031527,16.67
2026-04-12T12:06:36.824131,cart,0.553,367141004,57.92
2026-04-12T12:12:35.824131,user,0.208,677221701,167.79
2026-04-12T12:09:24.824131,payment,0.873,264098846,179.4
2026-04-12T12:13:32.824131,payment,0.267,792569895,7.76
2026-04-12T12:07:31.824131,user,0.365,316581921,110.94
2026-04-12T12:06:37.824131,user,0.355,739934076,53.19
2026-04-12T12:14:23.824131,user,0.14,437120144,21.86
2026-04-12T12:06:31.824131,payment,0.96,500713139,15.55
2026-04-12T12:08:42.824131,user,0.431,673619485,58.97
2026-04-12T12:08:02.824131,user,0.244,628794434,183.6
2026-04-12T12:08:53.824131,shipping,0.152,150846963,146.45
2026-04-12T12:14:42.824131,payment,0.827,493921173,168.97
2026-04-12T12:14:18.824131,payment,0.352,522864175,110.47
2026-04-12T12:08:44.824131,catalogue,0.902,203473256,175.82
2026-04-12T12:07:09.824131,user,0.387,251316902,69.71
2026-04-12T12:12:24.824131,catalogue,0.564,598169408,97.87
2026-04-12T12:10:34.824131,catalogue,0.379,471597296,193.26
2026-04-12T12:10:33.824131,cart,0.641,353633571,72.35
2026-04-12T12:12:53.824131,cart,0.877,498095205,178.96
2026-04-12T12:07:56.824131,user,0.216,314711783,75.35
2026-04-12T12:08:15.824131,user,0.981,642518929,162.0
2026-04-12T12:11:50.824131,shipping,0.643,323711226,52.94
2026-04-12T12:11:58.824131,shipping,0.98,219482178,71.37
2026-04-12T12:10:53.824131,user,0.746,614729667,90.1
2026-04-12T12:07:26.824131,catalogue,0.87,232610870,67.05
2026-04-12T12:13:29.824131,cart,0.51,407863034,43.89
2026-04-12T12:09:31.824131,cart,0.841,534099961,171.68
2026-04-12T12:06:00.824131,user,0.306,771727436,60.86
2026-04-12T12:09:48.824131,payment,0.504,523706967,53.67
2026-04-12T12:06:17.824131,payment,0.252,643190164,145.95
2026-04-12T12:14:07.824131,cart,0.659,650464561,74.56
2026-04-12T12:08:53.824131,cart,0.614,581158447,124.72
2026-04-12T12:09:03.824131,payment,0.299,683125499,196.99
2026-04-12T12:06:24.824131,cart,0.784,748033617,92.58
2026-04-12T12:13:00.824131,catalogue,0.835,400777928,129.09
2026-04-12T12:10:54.824131,payment,0.542,197671225,185.64
2026-04-12T12:12:52.824131,payment,0.488,191992979,82.39
2026-04-12T12:09:21.824131,catalogue,0.335,795211438,112.38
2026-04-12T12:09:05.824131,cart,0.536,161711188,143.09
2026-04-12T12:13:07.824131,cart,0.429,116755917,17.25
2026-04-12T12:10:03.824131,payment,0.674,424064173,20.18
2026-04-12T12:07:45.824131,shipping,0.149,157885352,21.41
2026-04-12T12:09:18.824131,catalogue,0.845,366247718,108.02
2026-04-12T12:07:06.824131,shipping,0.241,163861795,97.6
2026-04-12T12:09:21.824131,shipping,0.42,683671576,83.41
2026-04-12T12:12:28.824131,catalogue,0.627,488018228,128.86
2026-04-12T12:08:18.824131,user,0.408,211163350,114.31
2026-04-12T12:08:40.824131,shipping,0.362,485000973,190.21
2026-04-12T12:09:44.824131,shipping,0.861,457349821,53.57
2026-04-12T12:11:27.824131,catalogue,0.817,560888002,197.62
2026-04-12T12:11:34.824131,catalogue,0.798,263705348,118.05
2026-04-12T12:12:34.824131,catalogue,0.516,589972157,59.69
2026-04-12T12:08:29.824131,user,0.38,115723213,144.88
2026-04-12T12:14:45.824131,shipping,0.788,762721040,33.13
2026-04-12T12:10:53.824131,shipping,0.665,301899254,9.06
2026-04-12T12:05:28.824131,user,0.663,672067293,117.65
2026-04-12T12:14:11.824131,cart,0.544,276242639,119.33
2026-04-12T12:14:52.824131,shipping,0.949,635670803,64.49
2026-04-12T12:07:23.824131,catalogue,0.183,521402891,56.7
2026-04-12T12:12:19.824131,user,0.524,678746534,142.97
2026-04-12T12:11:02.824131,catalogue,0.285,716495909,173.05
2026-04-12T12:12:54.824131,catalogue,0.696,364227363,87.22
2026-04-12T12:07:50.824131,user,0.782,249114374,72.25
2026-04-12T12:14:33.824131,shipping,0.528,281812570,13.89
2026-04-12T12:14:30.824131,shipping,0.448,705154460,6.23
2026-04-12T12:10:36.824131,catalogue,0.396,356464075,171.73
2026-04-12T12:05:53.824131,catalogue,0.545,492682129,14.48
2026-04-12T12:09:07.824131,catalogue,0.572,680328622,128.14
2026-04-12T12:08:45.824131,payment,0.113,771540524,55.57
2026-04-12T12:12:08.824131,cart,0.223,161792542,131.57
2026-04-12T12:14:19.824131,catalogue,0.684,546527307,14.27
2026-04-12T12:07:22.824131,user,0.804,671929309,85.82
2026-04-12T12:08:38.824131,shipping,0.539,555440045,88.03
2026-04-12T12:05:28.824131,shipping,0.141,416746967,137.25
2026-04-12T12:12:45.824131,shipping,0.994,109614667,145.16
2026-04-12T12:09:51.824131,catalogue,0.486,740669837,144.49
2026-04-12T12:13:27.824131,shipping,0.258,379112590,140.9
2026-04-12T12:13:14.824131,user,0.488,429339549,90.11
2026-04-12T12:11:10.824131,user,0.232,439143549,6.77
2026-04-12T12:13:25.824131,catalogue,0.118,623624870,51.93
2026-04-12T12:07:31.824131,payment,0.285,520708164,54.14
2026-04-12T12:13:50.824131,payment,0.627,410963519,34.1
2026-04-12T12:13:26.824131,payment,0.385,512518021,12.32
2026-04-12T12:05:24.824131,shipping,0.167,604584608,125.97
2026-04-12T12:05:37.824131,payment,0.841,715902411,102.95
2026-04-12T12:14:53.824131,payment,0.408,787758893,30.08
2026-04-12T12:09:46.824131,catalogue,0.525,719732402,116.07
2026-04-12T12:09:20.824131,payment,0.266,417583705,106.85
2026-04-12T12:08:45.824131,cart,0.923,137294304,174.09
2026-04-12T12:06:02.824131,shipping,0.728,757157881,69.8
2026-04-12T12:14:57.824131,cart,0.282,352755458,29.52
2026-04-12T12:10:49.824131,shipping,0.145,666014501,73.02
2026-04-12T12:12:03.824131,cart,0.911,521857746,88.7
2026-04-12T12:08:08.824131,cart,0.745,330827635,79.94
2026-04-12T12:09:34.824131,user,0.583,455260643,164.64
2026-04-12T12:06:14.824131,user,0.317,371250587,113.76
2026-04-12T12:10:12.824131,payment,0.319,415122075,180.78
2026-04-12T12:09:47.824131,cart,0.33,298453053,186.44
2026-04-12T12:09:11.824131,user,0.558,166186829,104.75
2026-04-12T12:14:27.824131,shipping,0.982,424607882,149.61
2026-04-12T12:14:15.824131,payment,0.686,444302813,20.0
2026-04-12T12:09:19.824131,user,0.547,273138752,81.4
2026-04-12T12:14:05.824131,shipping,0.114,310843428,149.58
2026-04-12T12:05:51.824131,catalogue,0.406,236648825,177.08
2026-04-12T12:05:20.824131,payment,0.788,130962293,137.18
2026-04-12T12:14:02.824131,cart,0.426,461573744,168.93
2026-04-12T12:13:45.824131,catalogue,0.681,190993707,138.11
2026-04-12T12:13:39.824131,catalogue,0.203,615851045,168.22
2026-04-12T12:07:41.824131,user,0.728,424872875,13.77
2026-04-12T12:06:58.824131,shipping,0.75,176798522,112.88
2026-04-12T12:09:56.824131,catalogue,0.452,307843730,143.65
2026-04-12T12:14:38.824131,catalogue,0.311,783489165,177.88
2026-04-12T12:11:25.824131,cart,0.481,314131558,147.42
2026-04-12T12:13:30.824131,cart,0.547,404883842,37.13
2026-04-12T12:14:23.824131,user,0.822,211986071,99.56
2026-04-12T12:05:43.824131,shipping,0.192,693731767,81.22
2026-04-12T12:09:17.824131,cart,0.781,231000629,94.87
2026-04-12T12:13:33.824131,catalogue,0.418,425690120,128.01
2026-04-12T12:09:38.824131,cart,0.21,694234018,86.88
2026-04-12T12:14:35.824131,shipping,0.271,421404362,166.42
2026-04-12T12:15:00.824131,payment,0.647,480656979,15.8
2026-04-12T12:11:14.824131,payment,0.469,593996130,88.72
2026-04-12T12:05:20.824131,cart,0.636,333586358,153.03
2026-04-12T12:09:50.824131,cart,0.303,667256307,130.53
2026-04-12T12:13:25.824131,shipping,0.187,237805096,14.64
2026-04-12T12:08:21.824131,user,0.981,329703423,9.4
2026-04-12T12:11:24.824131,payment,0.287,549686660,117.74
2026-04-12T12:08:22.824131,cart,0.169,546386302,168.71
2026-04-12T12:13:29.824131,catalogue,0.427,397828599,37.51
2026-04-12T12:13:38.824131,cart,0.978,705865452,140.46
2026-04-12T12:06:24.824131,shipping,0.151,616223902,76.53
2026-04-12T12:12:56.824131,payment,0.955,289837349,79.92
2026-04-12T12:05:11.824131,payment,0.836,626609576,121.72
2026-04-12T12:13:06.824131,user,0.317,521296393,129.9
2026-04-12T12:05:41.824131,shipping,0.153,202503486,101.88
2026-04-12T12:13:42.824131,user,0.865,222970208,70.9
2026-04-12T12:14:23.824131,catalogue,0.735,283175576,46.24
2026-04-12T12:07:34.824131,user,0.521,426542044,131.97
2026-04-12T12:05:30.824131,catalogue,0.982,332291974,159.89
2026-04-12T12:10:05.824131,catalogue,0.302,174991763,89.14
2026-04-12T12:11:59.824131,cart,0.944,197346740,192.48
2026-04-12T12:06:55.824131,cart,0.139,713621143,16.43
2026-04-12T12:08:37.824131,user,0.388,219447047,52.42
2026-04-12T12:06:36.824131,shipping,0.923,601898013,88.6
2026-04-12T12:11:32.824131,payment,0.592,101293075,112.48
2026-04-12T12:09:03.824131,payment,0.614,324509394,177.68
2026-04-12T12:08:39.824131,cart,0.69,211173747,98.89
2026-04-12T12:11:28.824131,shipping,0.311,619507457,77.69
2026-04-12T12:11:27.824131,shipping,0.24,534682186,128.99
2026-04-12T12:05:09.824131,cart,0.678,571050524,176.51
2026-04-12T12:11:19.824131,cart,0.134,143051141,72.27
2026-04-12T12:12:35.824131,cart,0.199,258466316,119.56
2026-04-12T12:09:30.824131,shipping,0.503,730507943,93.05
2026-04-12T12:10:54.824131,catalogue,0.702,622453159,129.97
2026-04-12T12:06:17.824131,payment,0.925,788208198,58.01
2026-04-12T12:12:15.824131,cart,0.231,674220424,102.13
2026-04-12T12:06:42.824131,shipping,0.375,607216371,76.55
2026-04-12T12:15:03.824131,cart,0.315,587154380,199.02
2026-04-12T12:14:57.824131,user,0.175,701969176,158.14
2026-04-12T12:09:20.824131,user,0.64,652928745,41.37
2026-04-12T12:07:30.824131,catalogue,0.526,151728701,128.08
2026-04-12T12:10:49.824131,user,0.837,426411945,169.44
2026-04-12T12:06:18.824131,payment,0.655,287391127,80.43
2026-04-12T12:05:50.824131,payment,0.32,656368933,194.13
2026-04-12T12:09:48.824131,catalogue,0.525,667415563,76.54
2026-04-12T12:08:11.824131,catalogue,0.26,746506811,196.63
2026-04-12T12:13:56.824131,payment,0.278,511359054,161.1
2026-04-12T12:07:05.824131,cart,0.506,196920462,76.64
2026-04-12T12:06:02.824131,user,0.996,615353686,172.07
2026-04-12T12:13:40.824131,catalogue,0.186,379158068,80.61
2026-04-12T12:08:09.824131,shipping,0.131,569946381,101.39
2026-04-12T12:14:08.824131,user,0.216,401610446,173.95
2026-04-12T12:12:17.824131,shipping,0.631,213409825,147.35
2026-04-12T12:10:59.824131,user,0.453,162203014,41.69
2026-04-12T12:10:00.824131,user,0.929,734166772,122.79
2026-04-12T12:14:50.824131,payment,0.534,406938931,163.25
2026-04-12T12:05:30.824131,user,0.332,617129415,153.76
2026-04-12T12:10:42.824131,shipping,0.51,394460980,129.34
2026-04-12T12:11:16.824131,shipping,0.974,788808725,130.7
2026-04-12T12:13:54.824131,payment,0.274,508872675,53.03
2026-04-12T12:12:04.824131,user,0.707,466952649,26.13
2026-04-12T12:06:35.824131,cart,0.903,773722857,72.29
2026-04-12T12:05:09.824131,shipping,0.609,382250492,176.51
2026-04-12T12:14:22.824131,catalogue,0.101,651399498,42.14
2026-04-12T12:14:10.824131,shipping,0.108,208191222,140.46
2026-04-12T12:11:14.824131,catalogue,0.215,499614221,180.01
2026-04-12T12:11:38.824131,catalogue,0.833,776588973,111.35
2026-04-12T12:07:34.824131,cart,0.94,769421924,154.01
2026-04-12T12:05:32.824131,payment,0.766,753521228,131.87
2026-04-12T12:13:40.824131,catalogue,0.624,662458303,125.0
2026-04-12T12:07:59.824131,shipping,0.339,168533347,83.41
2026-04-12T12:10:49.824131,user,0.192,319118671,133.64
2026-04-12T12:13:50.824131,catalogue,0.609,287326599,116.26
2026-04-12T12:13:43.824131,cart,0.521,630193445,62.86
2026-04-12T12:10:15.824131,user,0.206,315631371,101.63
2026-04-12T12:12:19.824131,shipping,0.508,311164807,115.95
2026-04-12T12:13:35.824131,shipping,0.995,662838676,199.06
2026-04-12T12:09:05.824131,user,0.704,366474639,15.0
2026-04-12T12:05:36.824131,user,0.424,656159415,25.78
2026-04-12T12:09:52.824131,shipping,0.933,466888257,16.53
2026-04-12T12:11:24.824131,payment,0.346,778442603,163.43
2026-04-12T12:09:41.824131,cart,0.431,792668710,189.22
2026-04-12T12:11:31.824131,catalogue,0.59,700074406,124.43
2026-04-12T12:08:22.824131,user,0.394,555036961,148.64
2026-04-12T12:05:18.824131,user,0.133,780612324,115.52
2026-04-12T12:13:44.824131,shipping,0.133,387414293,49.61
2026-04-12T12:13:29.824131,catalogue,0.55,353335160,169.22
2026-04-12T12:07:39.824131,shipping,0.665,631695254,160.11
2026-04-12T12:05:34.824131,payment,0.814,224955862,171.46
2026-04-12T12:14:17.824131,user,0.157,387128301,47.89
2026-04-12T12:10:38.824131,shipping,0.704,371806444,189.62
2026-04-12T12:05:34.824131,cart,0.794,636695749,19.82
2026-04-12T12:14:57.824131,shipping,0.315,582067766,181.44
2026-04-12T12:06:09.824131,cart,0.243,100469685,51.17
2026-04-12T12:12:28.824131,payment,0.222,641542011,190.49
2026-04-12T12:12:54.824131,payment,0.904,222633371,29.78
2026-04-12T12:12:49.824131,payment,0.253,753801909,184.67
2026-04-12T12:08:26.824131,user,0.602,476514416,100.38
2026-04-12T12:15:00.824131,user,0.474,189876151,6.29
2026-04-12T12:08:21.824131,cart,0.763,690528888,167.19
2026-04-12T12:11:09.824131,cart,0.748,579766815,27.06
2026-04-12T12:05:16.824131,payment,0.136,368809323,175.52
2026-04-12T12:12:34.824131,cart,0.846,324818231,28.89
2026-04-12T12:07:08.824131,catalogue,0.217,462808601,46.11
2026-04-12T12:06:31.824131,shipping,0.215,602973680,64.18
2026-04-12T12:14:59.824131,cart,0.914,571857282,189.59
2026-04-12T12:14:07.824131,user,0.924,222676414,6.45
2026-04-12T12:13:56.824131,user,0.952,706917306,27.65
2026-04-12T12:14:11.824131,payment,0.539,796692138,112.0
2026-04-12T12:08:07.824131,cart,0.281,163927562,123.61
2026-04-12T12:06:15.824131,shipping,0.778,738499507,176.97
2026-04-12T12:08:22.824131,payment,0.924,727249047,119.15
2026-04-12T12:05:37.824131,user,0.708,671759033,99.01
2026-04-12T12:08:17.824131,user,0.112,713040121,40.85
2026-04-12T12:05:17.824131,catalogue,0.804,551114481,117.96
2026-04-12T12:05:36.824131,user,0.231,567810468,108.79
2026-04-12T12:12:06.824131,shipping,0.517,336190383,91.7
2026-04-12T12:06:38.824131,shipping,0.599,646889029,60.81
2026-04-12T12:05:54.824131,cart,0.848,126620288,47.57
2026-04-12T12:13:21.824131,user,0.196,232546121,89.5
2026-04-12T12:06:43.824131,catalogue,0.919,277842753,191.97
2026-04-12T12:12:53.824131,user,0.28,645086062,169.53
2026-04-12T12:08:01.824131,cart,0.354,168608379,67.76
2026-04-12T12:14:31.824131,payment,0.717,557719175,26.9
2026-04-12T12:08:19.824131,catalogue,0.776,334749873,43.21
2026-04-12T12:10:42.824131,user,0.841,251150787,5.65
2026-04-12T12:13:56.824131,shipping,0.36,498636402,21.21
2026-04-12T12:14:36.824131,cart,0.284,399915413,138.76
2026-04-12T12:14:33.824131,user,0.808,629748512,34.86
2026-04-12T12:11:48.824131,cart,0.237,291813307,25.77
2026-04-12T12:07:56.824131,user,0.851,759863872,9.6
2026-04-12T12:05:58.824131,user,0.28,494810654,87.69
2026-04-12T12:07:16.824131,catalogue,0.504,344426428,121.18
2026-04-12T12:10:09.824131,catalogue,0.665,421060729,196.62
2026-04-12T12:07:22.824131,payment,0.219,161967542,191.14
2026-04-12T12:05:43.824131,payment,0.159,682148824,69.47
2026-04-12T12:14:02.824131,payment,0.124,198003027,137.51
2026-04-12T12:11:17.824131,catalogue,0.27,461137665,94.3
2026-04-12T12:07:13.824131,catalogue,0.808,313575715,180.74
2026-04-12T12:10:15.824131,user,0.896,530869934,183.07
2026-04-12T12:09:41.824131,catalogue,0.769,276120376,198.2
2026-04-12T12:11:58.824131,payment,0.578,232481202,102.29
2026-04-12T12:14:11.824131,shipping,0.133,690881910,147.05
2026-04-12T12:08:56.824131,shipping,0.913,477078864,181.62
2026-04-12T12:12:02.824131,catalogue,0.205,698711415,46.26
2026-04-12T12:06:11.824131,shipping,0.5,709165904,150.63
2026-04-12T12:14:42.824131,catalogue,0.813,700951874,115.23
2026-04-12T12:09:59.824131,shipping,0.524,255757306,30.79
2026-04-12T12:08:20.824131,catalogue,0.383,345535566,179.02
2026-04-12T12:14:27.824131,user,0.785,442880510,101.48
2026-04-12T12:09:20.824131,cart,0.352,520938639,167.45
2026-04-12T12:10:07.824131,user,0.578,109281035,168.4
2026-04-12T12:05:10.824131,user,0.331,521149754,189.34
2026-04-12T12:05:07.824131,user,0.852,474065661,46.67
2026-04-12T12:07:40.824131,payment,0.232,108744214,61.34
2026-04-12T12:07:44.824131,cart,0.546,115167919,39.7
2026-04-12T12:09:14.824131,cart,0.33,530547828,108.35
2026-04-12T12:13:16.824131,payment,0.4,667631532,68.68
2026-04-12T12:09:32.824131,shipping,0.946,423613319,88.38
2026-04-12T12:06:54.824131,cart,0.33,655927623,142.08
2026-04-12T12:14:30.824131,user,0.334,467188400,30.67
2026-04-12T12:08:33.824131,payment,0.498,294127384,198.01
2026-04-12T12:07:04.824131,cart,0.16,676686019,143.69
2026-04-12T12:12:06.824131,shipping,0.507,595767866,86.63
2026-04-12T12:14:08.824131,shipping,0.453,149225374,95.62
2026-04-12T12:14:12.824131,payment,0.511,537537022,159.85
2026-04-12T12:08:14.824131,shipping,0.136,466643060,114.63
2026-04-12T12:12:36.824131,user,0.216,304350233,132.78
2026-04-12T12:10:05.824131,cart,0.974,198485402,34.21
2026-04-12T12:08:36.824131,payment,0.682,318075688,83.67
2026-04-12T12:11:08.824131,user,0.185,148003640,120.81
2026-04-12T12:11:01.824131,shipping,0.916,252559135,44.76
2026-04-12T12:05:51.824131,user,0.154,685058984,46.14
2026-04-12T12:10:40.824131,catalogue,0.914,304846660,27.62
2026-04-12T12:14:27.824131,shipping,0.422,614451366,37.0
2026-04-12T12:06:27.824131,cart,0.662,452521988,112.77
2026-04-12T12:11:37.824131,catalogue,0.955,299808494,158.91
2026-04-12T12:08:16.824131,shipping,0.975,263337549,46.01
2026-04-12T12:08:37.824131,cart,0.629,202392154,118.76
2026-04-12T12:14:22.824131,payment,0.961,127706819,132.39
2026-04-12T12:13:47.824131,cart,0.725,602956121,128.23
2026-04-12T12:11:15.824131,shipping,0.142,290196793,175.95
2026-04-12T12:11:29.824131,payment,0.997,228732575,104.01
2026-04-12T12:11:57.824131,catalogue,0.191,155038254,131.55
2026-04-12T12:14:09.824131,catalogue,0.697,239286536,126.09
2026-04-12T12:12:31.824131,user,0.905,784745373,198.62
2026-04-12T12:13:24.824131,catalogue,0.79,303674457,116.8
2026-04-12T12:08:46.824131,cart,0.457,489265830,103.2
2026-04-12T12:12:17.824131,payment,0.643,602303851,175.22
2026-04-12T12:12:12.824131,user,0.566,240744336,18.5
2026-04-12T12:08:02.824131,payment,0.281,744307021,35.46
2026-04-12T12:07:28.824131,catalogue,0.916,611325690,154.89
2026-04-12T12:07:04.824131,user,0.726,742169619,102.58
2026-04-12T12:06:28.824131,catalogue,0.328,220474760,172.05
2026-04-12T12:13:02.824131,cart,0.636,765124606,87.85
2026-04-12T12:09:26.824131,shipping,0.858,541786162,17.4
2026-04-12T12:07:28.824131,cart,0.207,396379873,15.61
2026-04-12T12:07:28.824131,cart,0.665,521578347,171.57
2026-04-12T12:11:04.824131,cart,0.563,320696504,29.94
2026-04-12T12:06:51.824131,shipping,0.39,274596012,154.71
2026-04-12T12:11:40.824131,payment,0.566,595594885,174.8
2026-04-12T12:12:05.824131,catalogue,0.63,663871034,30.06
2026-04-12T12:07:27.824131,shipping,0.389,105308284,199.65
2026-04-12T12:09:53.824131,payment,0.794,695465770,51.78
2026-04-12T12:06:58.824131,catalogue,0.611,491912027,74.99
2026-04-12T12:14:41.824131,shipping,0.669,319567196,84.17
2026-04-12T12:08:11.824131,catalogue,0.158,385435324,39.97
2026-04-12T12:13:29.824131,payment,0.932,278376230,102.47
2026-04-12T12:05:59.824131,cart,0.291,559764288,138.22
2026-04-12T12:13:28.824131,cart,0.526,596326148,189.53
2026-04-12T12:07:39.824131,user,0.302,395421546,186.53
2026-04-12T12:11:50.824131,shipping,0.287,762938379,37.02
2026-04-12T12:09:33.824131,user,0.257,356620187,176.1
2026-04-12T12:09:00.824131,shipping,0.3,495006496,139.61
2026-04-12T12:10:12.824131,payment,0.126,365134530,77.98
2026-04-12T12:13:25.824131,catalogue,0.59,729794798,27.02
2026-04-12T12:12:16.824131,cart,0.54,126271082,164.99
2026-04-12T12:06:22.824131,catalogue,0.559,553901882,116.21
2026-04-12T12:12:05.824131,cart,0.264,273893588,124.64
2026-04-12T12:06:37.824131,cart,0.375,326285576,64.35
2026-04-12T12:09:55.824131,catalogue,0.762,711684823,25.68
2026-04-12T12:12:02.824131,shipping,0.739,357647537,110.94
2026-04-12T12:06:56.824131,cart,0.617,193776675,118.12
2026-04-12T12:08:56.824131,payment,0.505,693790564,125.81
2026-04-12T12:07:20.824131,user,0.334,561411302,130.34
2026-04-12T12:10:08.824131,payment,0.633,219933013,54.45
2026-04-12T12:06:21.824131,user,0.422,653279939,107.98
2026-04-12T12:07:47.824131,cart,0.454,303418646,52.23
